type,latitude_start,longitude_start,latitude_end,longitude_end,start_time,end_time,duration_hours,activity_type
activity,33.592299,-84.501162,33.649257,-84.464539,2025-01-25 07:30:43.272000-05:00,2025-01-25 09:12:26.236000-05:00,1.6952677777777778,in passenger vehicle
activity,33.648713,-84.462162,33.640417,-84.463811,2025-01-25 09:19:07.268000-05:00,2025-01-25 09:24:43.530000-05:00,0.0934061111111111,in passenger vehicle
activity,33.639657,-84.463534,33.641358,-84.445092,2025-01-25 09:32:40.999000-05:00,2025-01-25 09:41:24.536000-05:00,0.14542694444444446,in passenger vehicle
activity,33.63884,-84.430231,37.50622,-77.330602,2025-01-25 11:31:01.086000-05:00,2025-01-25 12:56:29.505000-05:00,1.4245608333333333,flying
activity,37.508582,-77.335453,37.530563,-77.567246,2025-01-25 13:08:48.050000-05:00,2025-01-25 13:32:51.223000-05:00,0.4008813888888889,in passenger vehicle
activity,37.531492,-77.562828,37.552619,-77.477412,2025-01-25 14:44:51.999000-05:00,2025-01-25 14:58:52.399000-05:00,0.23344444444444443,in passenger vehicle
activity,37.531153,-77.567707,37.531017,-77.56788,2025-01-25 17:04:30.132000-05:00,2025-01-25 18:31:11.332000-05:00,1.4447777777777777,in passenger vehicle
activity,37.531231,-77.564973,37.534511,-77.560999,2025-01-26 21:07:59.711000-05:00,2025-01-26 21:17:02.461000-05:00,0.1507638888888889,in passenger vehicle
activity,37.537297,-77.565698,37.531195,-77.567793,2025-01-26 21:21:49.376000-05:00,2025-01-26 21:25:13.351000-05:00,0.05665972222222222,in passenger vehicle
activity,37.531017,-77.567879,37.531223,-77.567304,2025-01-26 21:25:13.351000-05:00,2025-01-27 09:14:25.044000-05:00,11.819914722222222,in passenger vehicle
activity,37.997258,-78.287994,38.031251,-78.503268,2025-01-27 09:19:45.052000-05:00,2025-01-27 10:34:36.753000-05:00,1.2476947222222223,in passenger vehicle
activity,38.031341,-78.504153,38.032011,-78.509788,2025-01-27 15:13:44.999000-05:00,2025-01-27 15:21:37.949000-05:00,0.131375,walking
activity,38.033287,-78.510395,38.032615,-78.505775,2025-01-27 16:47:09.816000-05:00,2025-01-27 16:54:19.737000-05:00,0.1194225,walking
activity,38.032462,-78.505099,38.031384,-78.502917,2025-01-27 18:15:44.327000-05:00,2025-01-27 18:38:40.163000-05:00,0.38217666666666666,walking
activity,38.034731,-78.499337,38.036116,-78.504397,2025-01-27 19:04:13.258000-05:00,2025-01-27 19:10:57.668000-05:00,0.11233611111111112,walking
activity,38.035916,-78.505066,38.032148,-78.50414,2025-01-27 22:15:55.541000-05:00,2025-01-27 22:27:02.728000-05:00,0.18532972222222222,walking
activity,38.03165,-78.503834,38.032257,-78.509189,2025-01-27 22:35:02.711000-05:00,2025-01-28 09:24:42.674000-05:00,10.8277675,walking
activity,38.03187,-78.51008,38.031944,-78.504323,2025-01-28 10:49:49.128000-05:00,2025-01-28 10:57:47.495000-05:00,0.13287972222222222,walking
activity,38.031957,-78.503864,38.034226,-78.514394,2025-01-28 15:04:25.169000-05:00,2025-01-28 15:19:01.642000-05:00,0.2434647222222222,walking
activity,38.032939,-78.514464,38.031989,-78.504107,2025-01-28 16:53:45.739000-05:00,2025-01-28 17:08:24.791000-05:00,0.24418111111111113,walking
activity,38.031894,-78.503889,38.036083,-78.50536,2025-01-28 20:37:06.381000-05:00,2025-01-28 20:48:53.562000-05:00,0.19643916666666666,walking
activity,38.036085,-78.505226,38.031703,-78.503967,2025-01-28 23:17:20.315000-05:00,2025-01-28 23:27:02.950000-05:00,0.16184305555555556,walking
activity,38.031847,-78.50464,38.032231,-78.508699,2025-01-29 13:47:48.649000-05:00,2025-01-29 13:54:36.934000-05:00,0.11341250000000001,walking
activity,38.032074,-78.505555,38.032248,-78.509411,2025-01-30 09:19:42.765000-05:00,2025-01-30 09:25:34.244000-05:00,0.09763305555555556,walking
activity,38.035672,-78.505046,38.031622,-78.50296,2025-01-30 10:50:19.331000-05:00,2025-01-30 11:19:59.137000-05:00,0.49439055555555556,walking
activity,38.031715,-78.503836,38.032566,-78.514428,2025-01-30 15:06:56.683000-05:00,2025-01-30 15:19:26.785000-05:00,0.20836166666666667,walking
activity,38.043197,-78.510883,38.042934,-78.510967,2025-01-30 16:38:29.999000-05:00,2025-01-30 17:06:35.999000-05:00,0.4683333333333333,cycling
activity,38.041464,-78.512579,38.032506,-78.513761,2025-01-30 17:06:35.999000-05:00,2025-01-30 17:57:19.172000-05:00,0.8453258333333332,running
activity,38.032506,-78.513761,38.031281,-78.503594,2025-01-30 17:57:19.172000-05:00,2025-01-30 18:13:21.124000-05:00,0.2672088888888889,walking
activity,38.031871,-78.503882,38.032543,-78.509118,2025-01-31 10:45:29.379000-05:00,2025-01-31 10:51:57.999000-05:00,0.10795,walking
activity,38.031678,-78.510207,38.032035,-78.504141,2025-01-31 11:25:20.771000-05:00,2025-01-31 11:33:33-05:00,0.13673027777777777,walking
activity,38.056751,-78.488678,38.131705,-78.433546,2025-01-31 16:10:42.995000-05:00,2025-01-31 16:36:11.040000-05:00,0.4244569444444445,in passenger vehicle
activity,38.132109,-78.434386,38.090134,-78.467552,2025-01-31 23:19:51.307000-05:00,2025-01-31 23:25:39-05:00,0.09658138888888888,in passenger vehicle
activity,38.088069,-78.470277,38.032059,-78.503184,2025-01-31 23:39:38.733000-05:00,2025-01-31 23:57:57.999000-05:00,0.3053516666666667,in passenger vehicle
activity,38.032113,-78.505819,38.050267,-78.502964,2025-02-01 20:11:40.999000-05:00,2025-02-01 20:20:02-05:00,0.13916694444444444,in passenger vehicle
activity,38.050651,-78.502705,38.031603,-78.502836,2025-02-01 20:48:44.091000-05:00,2025-02-01 20:54:01.325000-05:00,0.08812055555555555,in passenger vehicle
activity,38.032003,-78.50276,38.052014,-78.5019,2025-02-01 20:55:09.092000-05:00,2025-02-02 14:36:22.999000-05:00,17.68719638888889,in passenger vehicle
activity,38.051709,-78.500617,38.031155,-78.503136,2025-02-02 15:35:34.301000-05:00,2025-02-02 15:43:08.231000-05:00,0.12609166666666666,in passenger vehicle
activity,38.031492,-78.502951,38.010433,-78.501147,2025-02-02 16:31:07.007000-05:00,2025-02-02 16:38:12.040000-05:00,0.11806472222222222,in passenger vehicle
activity,38.00978,-78.500628,38.05136,-78.503057,2025-02-02 17:02:11.835000-05:00,2025-02-02 17:16:42.796000-05:00,0.2419336111111111,in passenger vehicle
activity,38.050814,-78.503024,38.031694,-78.503459,2025-02-02 17:48:25.330000-05:00,2025-02-02 17:54:37.687000-05:00,0.10343250000000001,in passenger vehicle
activity,38.056707,-78.495729,38.131817,-78.435623,2025-02-03 06:27:35.035000-05:00,2025-02-03 06:43:48.039000-05:00,0.2702788888888889,in passenger vehicle
activity,38.132079,-78.434996,38.068017,-78.48659,2025-02-03 13:29:27.252000-05:00,2025-02-03 13:45:55.420000-05:00,0.27449111111111113,in passenger vehicle
activity,38.068248,-78.487343,38.031297,-78.503163,2025-02-03 14:08:38.658000-05:00,2025-02-03 14:21:34.508000-05:00,0.2155138888888889,in passenger vehicle
activity,38.03164,-78.503756,38.032377,-78.509196,2025-02-03 18:20:55.878000-05:00,2025-02-04 09:27:45.155000-05:00,15.113688055555556,walking
activity,38.032155,-78.509991,38.032103,-78.505097,2025-02-04 10:46:56.817000-05:00,2025-02-04 10:54:56.167000-05:00,0.1331527777777778,walking
activity,38.031811,-78.503885,38.033057,-78.514545,2025-02-04 15:03:44.507000-05:00,2025-02-04 15:18:26.442000-05:00,0.24498194444444443,walking
activity,38.03426,-78.514488,38.031672,-78.503758,2025-02-04 16:53:54.356000-05:00,2025-02-04 17:10:56.852000-05:00,0.28402666666666665,walking
activity,38.031303,-78.503044,38.051982,-78.49921,2025-02-05 08:49:37.338000-05:00,2025-02-05 08:56:27.001000-05:00,0.11379527777777779,in passenger vehicle
activity,38.049802,-78.502375,38.047021,-78.519068,2025-02-05 10:00:55.047000-05:00,2025-02-05 10:05:21.041000-05:00,0.07388722222222223,in passenger vehicle
activity,38.046948,-78.518956,38.0314,-78.503167,2025-02-05 10:20:04.048000-05:00,2025-02-05 10:28:56.745000-05:00,0.1479713888888889,in passenger vehicle
activity,38.035626,-78.50764,38.033315,-78.510373,2025-02-05 13:51:55.152000-05:00,2025-02-05 16:58:35.832000-05:00,3.1113,walking
activity,38.032421,-78.50528,38.031099,-78.503122,2025-02-05 18:16:55.646000-05:00,2025-02-05 18:21:50.223000-05:00,0.08182694444444444,walking
activity,38.032036,-78.504232,38.0325,-78.509259,2025-02-06 09:24:23.999000-05:00,2025-02-06 09:29:43.330000-05:00,0.08870305555555556,walking
activity,38.032152,-78.505122,38.030772,-78.503851,2025-02-06 13:03:35.442000-05:00,2025-02-06 15:26:08.977000-05:00,2.3759819444444443,walking
activity,38.033115,-78.51457,38.032072,-78.504071,2025-02-06 16:59:30.734000-05:00,2025-02-06 17:15:13.537000-05:00,0.26188972222222223,walking
activity,38.030841,-78.502938,38.03121,-78.503608,2025-02-06 17:15:13.537000-05:00,2025-02-08 14:37:33.296000-05:00,45.37215527777778,walking
activity,37.558738,-77.660397,37.558707,-77.660189,2025-02-08 14:50:40-05:00,2025-02-08 16:04:57.999000-05:00,1.2383330555555554,walking
activity,37.558707,-77.660189,37.532424,-77.567422,2025-02-08 16:04:57.999000-05:00,2025-02-08 16:19:41.243000-05:00,0.24534555555555557,in passenger vehicle
activity,37.530583,-77.559887,37.55276,-77.479402,2025-02-08 17:19:23.999000-05:00,2025-02-08 17:31:28.999000-05:00,0.2013888888888889,in passenger vehicle
activity,37.554187,-77.47984,37.531208,-77.56787,2025-02-08 18:48:56.753000-05:00,2025-02-08 19:05:45.848000-05:00,0.2803041666666667,in passenger vehicle
activity,37.531636,-77.567386,37.536938,-77.564979,2025-02-08 21:16:33.628000-05:00,2025-02-08 21:17:59.871000-05:00,0.023956388888888888,in passenger vehicle
activity,37.537316,-77.56479,37.531184,-77.567712,2025-02-08 21:25:40.526000-05:00,2025-02-08 21:28:06.199000-05:00,0.04046472222222222,in passenger vehicle
activity,37.533121,-77.56702,37.557879,-77.66132,2025-02-09 14:28:32.106000-05:00,2025-02-09 14:46:23.849000-05:00,0.2977063888888889,in passenger vehicle
activity,37.551202,-77.657774,37.537415,-77.528778,2025-02-09 16:23:54.295000-05:00,2025-02-09 16:39:17.999000-05:00,0.25658444444444445,in passenger vehicle
activity,37.53495,-77.527613,37.537282,-77.527246,2025-02-09 17:01:50.452000-05:00,2025-02-09 17:15:53.972000-05:00,0.2343111111111111,in passenger vehicle
activity,37.531019,-77.567875,37.537381,-77.565497,2025-02-10 10:29:25.735000-05:00,2025-02-10 10:36:00.999000-05:00,0.10979555555555556,in passenger vehicle
activity,38.015668,-78.460594,38.033639,-78.514213,2025-02-10 11:00:40.999000-05:00,2025-02-10 12:10:05.999000-05:00,1.1569444444444446,in passenger vehicle
activity,38.033286,-78.515595,38.030984,-78.503086,2025-02-10 12:16:29.999000-05:00,2025-02-10 12:21:43.999000-05:00,0.08722222222222223,in passenger vehicle
activity,38.03213,-78.504088,38.032143,-78.510247,2025-02-10 15:19:46.817000-05:00,2025-02-10 15:28:39.030000-05:00,0.14783694444444442,walking
activity,38.032882,-78.510966,38.033143,-78.505197,2025-02-10 16:43:53.118000-05:00,2025-02-10 16:55:11.845000-05:00,0.18853527777777776,walking
activity,38.032247,-78.504168,38.03163,-78.503808,2025-02-10 18:21:22.947000-05:00,2025-02-10 19:55:46.467000-05:00,1.5732000000000002,walking
activity,38.036096,-78.505392,38.031925,-78.504175,2025-02-11 00:56:07.995000-05:00,2025-02-11 01:03:55.733000-05:00,0.12992722222222222,walking
activity,38.031185,-78.503414,38.033817,-78.505382,2025-02-11 22:04:57.001000-05:00,2025-02-11 22:19:47.208000-05:00,0.24727972222222222,walking
activity,38.031265,-78.503188,38.034188,-78.49935,2025-02-11 22:34:43.182000-05:00,2025-02-12 16:13:57.972000-05:00,17.654108333333333,walking
activity,38.032146,-78.505373,38.032339,-78.509523,2025-02-13 09:21:43.567000-05:00,2025-02-13 09:26:15-05:00,0.07539805555555555,walking
activity,38.032285,-78.509146,38.032031,-78.504676,2025-02-13 13:07:46.356000-05:00,2025-02-13 13:14:37-05:00,0.11406777777777778,walking
activity,38.032136,-78.504582,38.033654,-78.514306,2025-02-13 15:02:27.961000-05:00,2025-02-13 15:21:45.290000-05:00,0.32148027777777777,walking
activity,38.033067,-78.514428,38.031281,-78.504263,2025-02-13 16:43:08.124000-05:00,2025-02-13 16:57:51.136000-05:00,0.2452811111111111,walking
activity,38.030933,-78.503204,38.031383,-78.502971,2025-02-14 15:41:31.897000-05:00,2025-02-14 15:43:41.999000-05:00,0.036139444444444446,walking
activity,38.031383,-78.502971,38.047393,-78.504026,2025-02-14 15:43:41.999000-05:00,2025-02-14 15:56:27.528000-05:00,0.21264694444444443,in passenger vehicle
activity,38.049526,-78.502998,38.030888,-78.502765,2025-02-14 17:32:06.114000-05:00,2025-02-14 17:48:45.019000-05:00,0.27747361111111113,in passenger vehicle
activity,38.031056,-78.502942,38.036719,-78.498944,2025-02-14 17:53:06.109000-05:00,2025-02-14 20:23:51.921000-05:00,2.5127255555555554,walking
activity,38.036875,-78.499098,38.031121,-78.503421,2025-02-14 23:17:31.630000-05:00,2025-02-14 23:33:46.476000-05:00,0.27079055555555553,walking
activity,38.031106,-78.502456,38.057817,-78.709829,2025-02-15 14:21:36.358000-05:00,2025-02-15 14:41:36.244000-05:00,0.33330166666666666,in passenger vehicle
activity,38.060814,-78.633187,38.065563,-78.495293,2025-02-15 16:31:49.953000-05:00,2025-02-15 16:55:22.051000-05:00,0.39224944444444443,in passenger vehicle
activity,38.065747,-78.49574,38.031694,-78.503523,2025-02-15 18:07:59.356000-05:00,2025-02-15 18:16:17.124000-05:00,0.13826888888888889,in passenger vehicle
activity,38.031332,-78.503023,38.036263,-78.504205,2025-02-16 17:46:15.903000-05:00,2025-02-16 18:07:32.294000-05:00,0.35455305555555555,walking
activity,38.031291,-78.504214,38.032516,-78.508961,2025-02-17 15:20:38.998000-05:00,2025-02-17 15:26:51.247000-05:00,0.10340250000000001,walking
activity,38.032772,-78.511043,38.032728,-78.506147,2025-02-17 16:32:08.386000-05:00,2025-02-17 16:39:44.632000-05:00,0.126735,walking
activity,38.032364,-78.504958,38.031943,-78.507674,2025-02-17 18:21:46.559000-05:00,2025-02-17 20:24:55.890000-05:00,2.0525919444444445,walking
activity,38.031943,-78.507674,38.052015,-78.500868,2025-02-17 20:24:55.890000-05:00,2025-02-17 20:29:15-05:00,0.071975,in passenger vehicle
activity,38.049902,-78.502404,38.031964,-78.503921,2025-02-17 21:07:23.999000-05:00,2025-02-17 21:13:11.480000-05:00,0.0965225,in passenger vehicle
activity,38.032042,-78.505905,38.032014,-78.509867,2025-02-17 21:16:49.811000-05:00,2025-02-18 09:25:41.998000-05:00,12.147829722222221,walking
activity,38.031832,-78.510008,38.030943,-78.503727,2025-02-18 10:49:42.020000-05:00,2025-02-18 10:59:15.997000-05:00,0.15943805555555554,walking
activity,38.03199,-78.503859,38.033755,-78.514266,2025-02-18 15:08:01.262000-05:00,2025-02-18 15:21:29.105000-05:00,0.22440083333333333,walking
activity,38.035755,-78.502755,38.032557,-78.510785,2025-02-19 12:40:55.021000-05:00,2025-02-19 13:32:04.221000-05:00,0.8525555555555555,walking
activity,38.031504,-78.510571,38.031083,-78.503491,2025-02-19 13:36:03.845000-05:00,2025-02-19 16:41:21.097000-05:00,3.0881255555555556,walking
activity,38.031962,-78.504966,38.032686,-78.509271,2025-02-19 16:48:00.699000-05:00,2025-02-20 10:49:09-05:00,18.0189725,walking
activity,38.032067,-78.509837,38.031337,-78.504027,2025-02-20 13:09:12.806000-05:00,2025-02-20 13:17:46.467000-05:00,0.1426836111111111,walking
activity,38.032567,-78.508989,38.033429,-78.514394,2025-02-20 15:11:09.855000-05:00,2025-02-20 16:48:10.999000-05:00,1.6169844444444446,walking
activity,38.052225,-78.499526,38.131575,-78.435817,2025-02-20 18:19:17.042000-05:00,2025-02-20 18:41:08.999000-05:00,0.36443250000000005,in passenger vehicle
activity,38.132004,-78.434713,38.031009,-78.503107,2025-02-21 01:24:48.159000-05:00,2025-02-21 01:39:10.999000-05:00,0.2396777777777778,in passenger vehicle
activity,38.031674,-78.503856,38.032056,-78.503993,2025-02-22 14:35:58.996000-05:00,2025-02-22 15:02:19.237000-05:00,0.4389558333333333,running
activity,38.031733,-78.503743,38.036263,-78.505334,2025-02-22 16:44:36.274000-05:00,2025-02-22 16:53:12.644000-05:00,0.14343611111111113,walking
activity,38.036434,-78.502598,38.035556,-78.501018,2025-02-22 17:57:18.930000-05:00,2025-02-22 18:00:11.450000-05:00,0.04792222222222223,walking
activity,38.033777,-78.498825,38.031562,-78.502933,2025-02-22 20:08:27.068000-05:00,2025-02-22 20:20:56.272000-05:00,0.2081122222222222,walking
activity,38.03109,-78.503429,38.032035,-78.509915,2025-02-24 15:16:20.938000-05:00,2025-02-24 15:25:32.732000-05:00,0.1532761111111111,walking
activity,38.032758,-78.511027,38.033193,-78.505113,2025-02-24 16:47:20.684000-05:00,2025-02-24 16:55:52-05:00,0.14203222222222223,walking
activity,38.034583,-78.508099,38.035494,-78.505789,2025-02-24 18:17:24.602000-05:00,2025-02-24 19:44:10.101000-05:00,1.4459719444444443,walking
activity,38.031226,-78.504226,38.031949,-78.509807,2025-02-25 09:22:22.996000-05:00,2025-02-25 09:30:18.715000-05:00,0.13214416666666667,walking
activity,38.032668,-78.510684,38.033852,-78.516058,2025-02-25 13:46:50.644000-05:00,2025-02-25 13:58:44.776000-05:00,0.19837,walking
activity,38.033727,-78.516109,38.035637,-78.501138,2025-02-25 13:58:44.776000-05:00,2025-02-25 14:35:22.934000-05:00,0.6105994444444445,walking
activity,38.034848,-78.50028,38.03422,-78.508263,2025-02-25 15:07:30.244000-05:00,2025-02-25 16:09:09.420000-05:00,1.0275488888888888,walking
activity,38.030799,-78.502944,38.03185,-78.503534,2025-02-25 16:57:03.027000-05:00,2025-02-25 16:58:50.057000-05:00,0.029730555555555555,walking
activity,38.030799,-78.502944,38.031266,-78.503095,2025-02-25 16:58:50.057000-05:00,2025-02-25 17:19:18.929000-05:00,0.34135333333333334,running
activity,38.032047,-78.505563,38.06387,-78.492572,2025-02-25 17:56:46.007000-05:00,2025-02-25 18:08:17.045000-05:00,0.19195500000000001,in passenger vehicle
activity,38.064906,-78.492321,38.052889,-78.500281,2025-02-25 18:14:18.627000-05:00,2025-02-25 19:21:30.878000-05:00,1.1200697222222222,in passenger vehicle
activity,38.053062,-78.500317,38.032024,-78.50425,2025-02-25 19:41:57.087000-05:00,2025-02-25 19:49:47.998000-05:00,0.1308086111111111,in passenger vehicle
activity,38.03201,-78.504103,38.030899,-78.503256,2025-02-25 19:49:47.998000-05:00,2025-02-25 19:51:56-05:00,0.035556111111111115,walking
activity,38.031015,-78.503359,38.032073,-78.50964,2025-02-26 13:45:50.457000-05:00,2025-02-26 13:53:10.478000-05:00,0.12222805555555556,walking
activity,38.033402,-78.508422,38.032531,-78.506177,2025-02-26 16:48:11.347000-05:00,2025-02-26 16:52:11.652000-05:00,0.06675138888888889,walking
activity,38.03224,-78.504277,38.03109,-78.503158,2025-02-26 18:19:10.243000-05:00,2025-02-26 20:47:22.060000-05:00,2.4699491666666664,walking
activity,38.03203,-78.505746,38.032304,-78.509421,2025-02-26 23:16:36.341000-05:00,2025-02-27 09:30:03.230000-05:00,10.224135833333333,walking
activity,38.031546,-78.510441,38.03204,-78.503933,2025-02-27 13:39:03.808000-05:00,2025-02-27 13:48:29.296000-05:00,0.15708000000000003,walking
activity,38.03184,-78.504519,38.033368,-78.514375,2025-02-27 15:09:56.886000-05:00,2025-02-27 15:24:31.575000-05:00,0.24296916666666665,walking
activity,38.033592,-78.514356,38.031692,-78.50415,2025-02-27 16:31:08.990000-05:00,2025-02-27 16:46:56.491000-05:00,0.26319472222222223,walking
activity,38.031138,-78.503487,38.031141,-78.502055,2025-02-27 18:07:02.722000-05:00,2025-02-27 18:12:06.032000-05:00,0.08425277777777777,walking
activity,38.032386,-78.500731,38.032492,-78.500351,2025-02-27 18:12:06.032000-05:00,2025-02-27 18:14:46.045000-05:00,0.04444805555555556,walking
activity,38.0389,-78.49085,38.131903,-78.434505,2025-02-27 18:14:46.045000-05:00,2025-02-27 18:44:52-05:00,0.5016541666666666,in passenger vehicle
activity,38.130603,-78.437247,38.031861,-78.502868,2025-02-28 01:21:37.999000-05:00,2025-02-28 01:36:28.999000-05:00,0.2475,in passenger vehicle
activity,38.03096,-78.502979,38.036196,-78.505236,2025-02-28 17:52:03.369000-05:00,2025-02-28 18:02:16.412000-05:00,0.17028972222222222,walking
activity,38.036998,-78.504235,38.035077,-78.500657,2025-02-28 20:13:52.558000-05:00,2025-02-28 20:18:42.260000-05:00,0.08047277777777778,walking
activity,38.034627,-78.500119,38.032031,-78.503929,2025-02-28 20:26:27.228000-05:00,2025-02-28 20:39:58.594000-05:00,0.22537944444444444,walking
activity,38.031122,-78.504137,38.031242,-78.503592,2025-02-28 20:51:02.648000-05:00,2025-03-01 01:08:56.541000-05:00,4.298303611111111,walking
activity,38.03126,-78.502968,38.031667,-78.503783,2025-03-01 01:08:56.541000-05:00,2025-03-01 15:18:45.719000-05:00,14.163660555555555,walking
activity,38.033136,-78.506702,38.036323,-78.505391,2025-03-01 16:10:48.999000-05:00,2025-03-01 16:16:06.899000-05:00,0.08830555555555555,walking
activity,38.035848,-78.505509,38.032103,-78.505488,2025-03-01 22:30:13.982000-05:00,2025-03-01 22:36:38.152000-05:00,0.1067138888888889,walking
activity,38.03126,-78.502952,38.036301,-78.5053,2025-03-02 01:45:34.847000-05:00,2025-03-02 15:10:57.245000-05:00,13.422888333333333,walking
activity,38.033143,-78.517464,38.031892,-78.503797,2025-03-02 18:14:22.642000-05:00,2025-03-02 19:00:02.091000-05:00,0.7609580555555556,walking
activity,38.032408,-78.509148,38.032754,-78.505036,2025-03-03 15:21:45.999000-05:00,2025-03-03 16:03:53.506000-05:00,0.7020852777777778,walking
activity,38.032754,-78.505036,38.03134,-78.503583,2025-03-03 16:29:32.383000-05:00,2025-03-03 19:11:53.234000-05:00,2.7057919444444445,walking
activity,38.035601,-78.505339,38.032951,-78.505643,2025-03-03 23:32:31.334000-05:00,2025-03-03 23:37:59.252000-05:00,0.09108833333333334,walking
activity,38.031693,-78.503739,38.033692,-78.509604,2025-03-04 09:13:35.508000-05:00,2025-03-04 11:00:57.109000-05:00,1.789333611111111,walking
activity,38.036552,-78.503458,38.036225,-78.504614,2025-03-04 12:36:40.176000-05:00,2025-03-04 12:40:28.642000-05:00,0.06346277777777778,walking
activity,38.035298,-78.50341,38.03344,-78.50649,2025-03-04 14:38:57.767000-05:00,2025-03-04 15:20:42.508000-05:00,0.6957613888888888,walking
activity,38.034745,-78.513357,38.030871,-78.503226,2025-03-04 16:43:08.788000-05:00,2025-03-04 17:00:51.627000-05:00,0.2952330555555555,walking
activity,38.052187,-78.498498,38.127884,-78.439894,2025-03-04 18:12:58.044000-05:00,2025-03-04 18:38:42.999000-05:00,0.42915416666666667,in passenger vehicle
activity,38.129242,-78.437271,38.132453,-78.432501,2025-03-04 18:44:02.999000-05:00,2025-03-04 18:45:14.999000-05:00,0.02,in passenger vehicle
activity,38.131238,-78.431753,38.031313,-78.502916,2025-03-05 01:23:16.823000-05:00,2025-03-05 01:38:42.683000-05:00,0.2571833333333333,in passenger vehicle
activity,38.031595,-78.503838,38.031988,-78.509552,2025-03-05 15:16:02-05:00,2025-03-05 15:23:34.769000-05:00,0.12576916666666668,walking
activity,38.032989,-78.510585,38.032801,-78.505354,2025-03-05 16:40:44.598000-05:00,2025-03-05 16:48:53.425000-05:00,0.13578527777777777,walking
activity,38.032126,-78.50303,38.050604,-78.502543,2025-03-05 20:06:51.562000-05:00,2025-03-05 20:23:31.760000-05:00,0.27783277777777776,in passenger vehicle
activity,38.050958,-78.501986,38.030991,-78.502904,2025-03-05 20:31:41-05:00,2025-03-05 20:57:32.001000-05:00,0.4308336111111111,in passenger vehicle
activity,38.03202,-78.50385,38.032485,-78.509095,2025-03-06 09:21:27.699000-05:00,2025-03-06 09:28:01.375000-05:00,0.10935444444444443,walking
activity,38.032415,-78.509416,38.030706,-78.502714,2025-03-06 13:06:02.461000-05:00,2025-03-06 13:15:53.557000-05:00,0.16419333333333333,walking
activity,38.031299,-78.504888,38.032675,-78.514269,2025-03-06 15:09:00.207000-05:00,2025-03-06 15:22:45.152000-05:00,0.2291513888888889,walking
activity,37.552816,-77.661119,37.531234,-77.56781,2025-03-07 14:13:13-05:00,2025-03-07 15:32:41.999000-05:00,1.3247219444444445,in passenger vehicle
activity,37.531943,-77.567443,37.558035,-77.660228,2025-03-07 16:53:56.987000-05:00,2025-03-07 17:09:58.843000-05:00,0.2671822222222222,in passenger vehicle
activity,37.557913,-77.659274,37.531179,-77.567559,2025-03-07 18:27:11.730000-05:00,2025-03-07 18:43:19.556000-05:00,0.2688405555555556,in passenger vehicle
activity,37.531019,-77.567167,37.550893,-77.570894,2025-03-08 15:29:01-05:00,2025-03-08 15:37:07.197000-05:00,0.13505472222222223,in passenger vehicle
activity,37.550537,-77.571036,37.51238,-77.6144,2025-03-08 15:51:10.694000-05:00,2025-03-08 16:09:59.997000-05:00,0.3136952777777778,in passenger vehicle
activity,37.513682,-77.608282,37.512798,-77.606329,2025-03-08 16:44:59.026000-05:00,2025-03-08 16:46:38-05:00,0.02749277777777778,in passenger vehicle
activity,37.513158,-77.606122,37.558707,-77.660418,2025-03-08 17:26:02.030000-05:00,2025-03-08 17:40:10.999000-05:00,0.23582472222222223,in passenger vehicle
activity,37.557231,-77.659553,37.55806,-77.659566,2025-03-08 17:40:10.999000-05:00,2025-03-08 17:46:28.773000-05:00,0.10493722222222222,walking
activity,37.557783,-77.658395,37.557046,-77.65923,2025-03-08 17:46:28.773000-05:00,2025-03-08 18:17:51.576000-05:00,0.5230008333333334,walking
activity,37.557941,-77.659114,37.558003,-77.65869,2025-03-08 18:17:51.576000-05:00,2025-03-08 18:26:45.845000-05:00,0.14840805555555556,walking
activity,37.556892,-77.661176,37.558293,-77.659884,2025-03-08 18:26:45.845000-05:00,2025-03-08 18:40:08.235000-05:00,0.22288611111111112,in passenger vehicle
activity,37.555544,-77.661325,37.558529,-77.660088,2025-03-08 18:40:08.235000-05:00,2025-03-08 18:50:17-05:00,0.1691013888888889,in passenger vehicle
activity,37.558296,-77.660768,37.55757,-77.659775,2025-03-08 18:50:17-05:00,2025-03-08 19:10:42.835000-05:00,0.34050972222222226,walking
activity,37.556505,-77.660057,37.53145,-77.567355,2025-03-08 19:31:46.996000-05:00,2025-03-08 20:13:09.999000-05:00,0.6897230555555556,in passenger vehicle
activity,37.53481,-77.567445,37.531194,-77.567644,2025-03-08 21:15:07.865000-05:00,2025-03-08 21:26:25-05:00,0.18809305555555556,in passenger vehicle
activity,37.531124,-77.56723,37.536583,-77.52582,2025-03-09 16:46:00.113000-04:00,2025-03-09 16:55:05-04:00,0.15135749999999998,in passenger vehicle
activity,37.537514,-77.530869,37.531072,-77.564689,2025-03-09 17:32:11.344000-04:00,2025-03-09 17:38:27.999000-04:00,0.10462638888888888,in passenger vehicle
activity,37.532192,-77.567385,37.515844,-77.615519,2025-03-09 17:56:12.999000-04:00,2025-03-09 18:02:25.999000-04:00,0.10361111111111111,in passenger vehicle
activity,37.51128,-77.614314,37.531217,-77.567844,2025-03-09 18:45:55.859000-04:00,2025-03-09 18:56:05.999000-04:00,0.16948333333333332,in passenger vehicle
activity,37.531394,-77.563234,37.533023,-77.560717,2025-03-09 18:59:19.610000-04:00,2025-03-10 13:42:57.999000-04:00,18.727330277777778,in passenger vehicle
activity,37.535093,-77.561199,37.531019,-77.564918,2025-03-10 13:51:55.001000-04:00,2025-03-10 14:35:10.381000-04:00,0.7209388888888889,in passenger vehicle
activity,37.535278,-77.566711,37.558053,-77.661104,2025-03-10 14:40:06.069000-04:00,2025-03-10 15:00:23.999000-04:00,0.3383138888888889,in passenger vehicle
activity,37.558686,-77.660456,37.558158,-77.661059,2025-03-10 17:25:48-04:00,2025-03-10 17:27:13.999000-04:00,0.02388861111111111,skiing
activity,37.55354,-77.662287,37.531242,-77.567841,2025-03-10 17:27:13.999000-04:00,2025-03-10 17:43:08-04:00,0.2650002777777778,in passenger vehicle
activity,37.53212,-77.567421,37.503561,-77.611781,2025-03-10 18:17:08-04:00,2025-03-10 18:25:54.999000-04:00,0.14638861111111112,in passenger vehicle
activity,37.506452,-77.612033,37.553866,-77.481937,2025-03-10 18:51:38.999000-04:00,2025-03-10 19:08:00.999000-04:00,0.2727777777777778,in passenger vehicle
activity,37.549768,-77.484852,37.531101,-77.567748,2025-03-10 20:11:28.283000-04:00,2025-03-10 20:21:38.855000-04:00,0.16960333333333333,in passenger vehicle
activity,37.533713,-77.567691,37.53447,-77.562048,2025-03-11 12:13:11.914000-04:00,2025-03-11 12:14:29.999000-04:00,0.021690277777777777,in passenger vehicle
activity,37.533481,-77.560957,37.515343,-77.523222,2025-03-11 12:23:16.043000-04:00,2025-03-11 12:28:35.042000-04:00,0.08861083333333333,in passenger vehicle
activity,37.532559,-77.560538,37.531726,-77.562368,2025-03-11 12:59:29.999000-04:00,2025-03-11 13:14:33.089000-04:00,0.25085833333333335,in passenger vehicle
activity,37.53273,-77.576474,37.557306,-77.659564,2025-03-11 15:48:01-04:00,2025-03-11 16:02:29.469000-04:00,0.2412413888888889,in passenger vehicle
activity,37.555824,-77.662043,37.531186,-77.567933,2025-03-11 17:45:44.439000-04:00,2025-03-11 18:03:26.813000-04:00,0.2951038888888889,in passenger vehicle
activity,37.532039,-77.560437,37.569356,-77.475153,2025-03-11 18:27:38.028000-04:00,2025-03-11 18:38:13.039000-04:00,0.17639194444444445,in passenger vehicle
activity,37.568898,-77.475062,37.530851,-77.56707,2025-03-11 21:00:14.047000-04:00,2025-03-11 21:12:15-04:00,0.20026472222222222,in passenger vehicle
activity,37.517629,-77.551978,37.534387,-77.435988,2025-03-12 13:30:53.997000-04:00,2025-03-12 13:45:06.999000-04:00,0.236945,in passenger vehicle
activity,37.532258,-77.44478,37.535018,-77.433272,2025-03-12 13:50:57-04:00,2025-03-12 14:47:27.286000-04:00,0.9417461111111112,walking
activity,37.535105,-77.434642,37.535949,-77.526307,2025-03-12 15:18:42.821000-04:00,2025-03-12 15:30:02.172000-04:00,0.18870861111111112,in passenger vehicle
activity,37.535391,-77.526003,37.531152,-77.567407,2025-03-12 15:41:36.999000-04:00,2025-03-12 15:51:15.766000-04:00,0.16076861111111113,in passenger vehicle
activity,37.535195,-77.567619,37.651358,-77.60565,2025-03-12 16:38:22.400000-04:00,2025-03-12 17:07:48.493000-04:00,0.4905813888888889,in passenger vehicle
activity,37.651056,-77.609139,37.654911,-77.619801,2025-03-12 17:18:33.294000-04:00,2025-03-12 17:22:10-04:00,0.06019611111111111,in passenger vehicle
activity,37.654275,-77.620641,37.647016,-77.5976,2025-03-12 17:32:50.870000-04:00,2025-03-12 17:47:29.999000-04:00,0.24420250000000002,in passenger vehicle
activity,37.647321,-77.598779,37.554229,-77.670107,2025-03-12 18:15:21.759000-04:00,2025-03-12 18:32:00.999000-04:00,0.2775666666666667,in passenger vehicle
activity,37.553896,-77.670344,37.557023,-77.660177,2025-03-12 18:38:35.999000-04:00,2025-03-12 18:45:39.845000-04:00,0.117735,in passenger vehicle
activity,37.557446,-77.6622,37.531184,-77.567772,2025-03-12 20:00:28.929000-04:00,2025-03-12 20:15:38.999000-04:00,0.25279722222222223,in passenger vehicle
activity,37.533755,-77.567184,37.55866,-77.660174,2025-03-13 07:38:57.675000-04:00,2025-03-13 07:54:03-04:00,0.2514791666666667,in passenger vehicle
activity,37.558357,-77.659853,37.511676,-77.614217,2025-03-13 09:30:28.994000-04:00,2025-03-13 09:46:29.347000-04:00,0.2667647222222222,in passenger vehicle
activity,37.514862,-77.615184,37.55807,-77.660316,2025-03-13 10:30:19.606000-04:00,2025-03-13 10:40:25.414000-04:00,0.16827999999999999,in passenger vehicle
activity,37.557853,-77.66007,37.532004,-77.567748,2025-03-13 10:54:26.249000-04:00,2025-03-13 11:08:27.809000-04:00,0.23376666666666665,in passenger vehicle
activity,37.530953,-77.565069,37.525593,-77.559678,2025-03-13 17:27:47.999000-04:00,2025-03-13 17:29:05.999000-04:00,0.021666666666666667,in passenger vehicle
activity,37.52361,-77.561254,37.508507,-77.60995,2025-03-13 17:54:39.999000-04:00,2025-03-13 18:09:34.198000-04:00,0.2483886111111111,in passenger vehicle
activity,37.508739,-77.610553,37.532001,-77.567455,2025-03-13 19:11:23.999000-04:00,2025-03-13 19:20:35-04:00,0.15305583333333334,in passenger vehicle
activity,37.531725,-77.567432,37.580851,-77.499449,2025-03-13 19:25:37.748000-04:00,2025-03-14 13:17:56.999000-04:00,17.872014166666666,in passenger vehicle
activity,37.580937,-77.499845,37.531124,-77.567729,2025-03-14 17:06:21.638000-04:00,2025-03-14 17:24:55.186000-04:00,0.30931888888888887,in passenger vehicle
activity,37.532022,-77.560477,37.552589,-77.478966,2025-03-14 17:54:30.999000-04:00,2025-03-14 18:08:25-04:00,0.23166694444444444,in passenger vehicle
activity,37.556683,-77.486729,37.557494,-77.488591,2025-03-14 19:30:26.999000-04:00,2025-03-14 19:35:19.223000-04:00,0.08117333333333333,in passenger vehicle
activity,37.556217,-77.488956,37.53464,-77.561239,2025-03-14 19:51:17.999000-04:00,2025-03-14 20:01:59.999000-04:00,0.17833333333333334,in passenger vehicle
activity,37.531009,-77.56785,37.534403,-77.569929,2025-03-15 11:20:54.109000-04:00,2025-03-15 11:49:17.999000-04:00,0.4733027777777778,in passenger vehicle
activity,37.524844,-77.643834,37.531194,-77.56758,2025-03-15 15:50:54.999000-04:00,2025-03-15 16:01:48.999000-04:00,0.18166666666666667,in passenger vehicle
activity,37.530963,-77.565145,37.552615,-77.478843,2025-03-15 16:27:39.997000-04:00,2025-03-15 16:42:49.606000-04:00,0.25266916666666667,in passenger vehicle
activity,37.553807,-77.478691,37.531237,-77.567856,2025-03-15 17:38:24.085000-04:00,2025-03-15 18:02:18.398000-04:00,0.39842027777777783,in passenger vehicle
activity,38.019551,-78.410074,38.03113,-78.503048,2025-03-15 18:05:13.519000-04:00,2025-03-16 15:53:11.860000-04:00,21.799539166666666,in passenger vehicle
activity,38.033358,-78.514292,38.031421,-78.503025,2025-03-16 16:03:24.741000-04:00,2025-03-16 16:06:26.748000-04:00,0.0505575,in passenger vehicle
activity,38.031974,-78.504902,38.032152,-78.512554,2025-03-16 20:23:30.417000-04:00,2025-03-16 20:32:57.044000-04:00,0.15739638888888888,walking
activity,38.032222,-78.513116,38.03106,-78.503829,2025-03-16 22:07:34.711000-04:00,2025-03-16 22:20:22.336000-04:00,0.21322916666666666,walking
activity,38.031155,-78.504011,38.031978,-78.509689,2025-03-17 15:23:19.840000-04:00,2025-03-17 15:32:15.280000-04:00,0.14873333333333336,walking
activity,38.032864,-78.510992,38.032579,-78.506025,2025-03-17 16:46:20.957000-04:00,2025-03-17 16:54:00.886000-04:00,0.12775805555555556,walking
activity,38.03238,-78.504725,38.031571,-78.503914,2025-03-17 17:56:11.665000-04:00,2025-03-17 17:58:23.596000-04:00,0.036647500000000006,walking
activity,38.031998,-78.505452,38.051917,-78.500874,2025-03-17 20:41:43.198000-04:00,2025-03-17 20:48:22.205000-04:00,0.11083527777777778,in passenger vehicle
activity,38.051944,-78.500261,38.030808,-78.502951,2025-03-17 21:24:39.851000-04:00,2025-03-17 21:31:54.661000-04:00,0.12078055555555556,in passenger vehicle
activity,38.032059,-78.504749,38.032346,-78.509578,2025-03-18 09:18:58.130000-04:00,2025-03-18 09:26:05.283000-04:00,0.11865361111111111,walking
activity,38.032021,-78.509868,38.032043,-78.505358,2025-03-18 10:50:46.028000-04:00,2025-03-18 11:00:58.799000-04:00,0.17021416666666667,walking
activity,38.032074,-78.504909,38.031858,-78.50979,2025-03-18 14:16:52.186000-04:00,2025-03-18 14:24:12.089000-04:00,0.12219527777777778,walking
activity,38.033708,-78.509548,38.032178,-78.513021,2025-03-18 14:44:40.369000-04:00,2025-03-18 17:58:33.059000-04:00,3.231302777777778,walking
activity,38.031067,-78.503114,38.031222,-78.501997,2025-03-18 18:20:47.865000-04:00,2025-03-18 18:22:05.999000-04:00,0.02170388888888889,walking
activity,38.052601,-78.499131,38.132485,-78.432775,2025-03-18 18:22:05.999000-04:00,2025-03-18 18:44:15.999000-04:00,0.36944444444444446,in passenger vehicle
activity,38.131956,-78.432736,38.031295,-78.503011,2025-03-19 01:20:08.668000-04:00,2025-03-19 01:34:02.580000-04:00,0.23164222222222222,in passenger vehicle
activity,38.031855,-78.503903,38.031928,-78.509642,2025-03-19 13:44:27.274000-04:00,2025-03-19 13:51:46.270000-04:00,0.12194333333333333,walking
activity,38.032149,-78.510785,38.034903,-78.500548,2025-03-19 14:30:47.666000-04:00,2025-03-19 14:46:04.173000-04:00,0.2545852777777778,walking
activity,38.035709,-78.500853,38.03371,-78.509524,2025-03-19 15:14:33.808000-04:00,2025-03-19 15:26:09.940000-04:00,0.19337,walking
activity,38.033169,-78.510552,38.03239,-78.504917,2025-03-19 16:51:19.363000-04:00,2025-03-19 18:19:02.049000-04:00,1.4618572222222221,walking
activity,38.031884,-78.50383,38.033416,-78.514328,2025-03-20 15:10:27.667000-04:00,2025-03-20 15:24:59.463000-04:00,0.24216555555555558,walking
activity,38.031955,-78.512141,38.030842,-78.504583,2025-03-20 17:44:17.017000-04:00,2025-03-20 17:57:41.654000-04:00,0.22351027777777777,walking
activity,38.030901,-78.503888,38.031346,-78.5039,2025-03-20 17:57:41.654000-04:00,2025-03-20 17:59:16.674000-04:00,0.026394444444444443,walking
activity,37.667516,-77.642356,37.624958,-77.525762,2025-03-21 09:09:34.999000-04:00,2025-03-21 10:12:38.058000-04:00,1.0508497222222222,in passenger vehicle
activity,37.588619,-77.542376,37.531104,-77.567737,2025-03-21 10:51:08.028000-04:00,2025-03-21 11:11:30.456000-04:00,0.3395633333333334,in passenger vehicle
activity,37.532546,-77.58269,37.501961,-77.627268,2025-03-21 13:29:40.420000-04:00,2025-03-21 13:39:56.731000-04:00,0.1711975,in passenger vehicle
activity,37.505373,-77.611368,37.532083,-77.567855,2025-03-21 14:17:33.814000-04:00,2025-03-21 14:25:46.315000-04:00,0.13680583333333332,in passenger vehicle
activity,37.533415,-77.567267,37.557524,-77.658946,2025-03-21 15:38:38.882000-04:00,2025-03-21 15:56:13.161000-04:00,0.29285527777777776,in passenger vehicle
activity,37.557381,-77.660344,37.531052,-77.567758,2025-03-21 18:07:28.588000-04:00,2025-03-21 18:23:09.828000-04:00,0.26145555555555555,in passenger vehicle
activity,37.531235,-77.567352,37.552162,-77.477723,2025-03-21 19:09:28.159000-04:00,2025-03-21 19:22:20.999000-04:00,0.21467777777777777,in passenger vehicle
activity,37.553483,-77.477915,37.531079,-77.567696,2025-03-21 20:26:29.497000-04:00,2025-03-21 20:43:39.457000-04:00,0.2861,in passenger vehicle
activity,37.526485,-77.560016,37.531022,-77.56716,2025-03-22 13:53:13-04:00,2025-03-22 14:31:11.999000-04:00,0.6330552777777777,walking
activity,37.558599,-77.659875,37.557235,-77.659597,2025-03-22 17:46:51.999000-04:00,2025-03-22 18:47:50.973000-04:00,1.0163816666666667,walking
activity,37.557235,-77.659597,37.55768,-77.659985,2025-03-22 18:47:50.973000-04:00,2025-03-22 18:54:17.487000-04:00,0.107365,skiing
activity,37.555974,-77.662361,37.531946,-77.567464,2025-03-22 18:54:17.487000-04:00,2025-03-22 19:07:43.999000-04:00,0.2240311111111111,in passenger vehicle
activity,37.531004,-77.567879,37.537309,-77.52822,2025-03-22 19:11:50.872000-04:00,2025-03-22 19:54:28.260000-04:00,0.7103855555555555,in passenger vehicle
activity,37.531167,-77.564776,37.531111,-77.567776,2025-03-22 20:11:35.120000-04:00,2025-03-22 20:17:59.778000-04:00,0.10684944444444446,in passenger vehicle
activity,37.531008,-77.56789,37.533147,-77.567229,2025-03-23 14:36:01.945000-04:00,2025-03-23 15:24:07-04:00,0.8014041666666666,in passenger vehicle
activity,37.93784,-78.102886,37.980236,-78.210675,2025-03-23 15:34:15.001000-04:00,2025-03-23 16:37:12.998000-04:00,1.0494436111111112,in passenger vehicle
activity,38.015464,-78.393238,38.030935,-78.503166,2025-03-23 16:53:01.999000-04:00,2025-03-23 17:13:37.999000-04:00,0.3433333333333333,in passenger vehicle
activity,38.031925,-78.503929,38.034675,-78.503835,2025-03-23 17:57:00.853000-04:00,2025-03-23 18:04:04.946000-04:00,0.11780361111111112,walking
activity,38.035022,-78.503404,38.032125,-78.504196,2025-03-23 19:11:23.976000-04:00,2025-03-23 19:19:31.999000-04:00,0.13556194444444444,walking
activity,38.031229,-78.504042,38.032309,-78.510355,2025-03-24 15:23:04.980000-04:00,2025-03-24 15:32:57.949000-04:00,0.16471361111111113,walking
activity,38.032851,-78.510636,38.032989,-78.505441,2025-03-24 16:24:56.665000-04:00,2025-03-24 16:34:12.656000-04:00,0.15444194444444445,walking
activity,38.032651,-78.517717,38.031993,-78.504036,2025-03-24 18:51:27.920000-04:00,2025-03-24 20:04:18-04:00,1.2139111111111112,walking
activity,38.032129,-78.503464,38.052836,-78.500402,2025-03-24 20:13:16-04:00,2025-03-24 20:19:07.337000-04:00,0.0975936111111111,in passenger vehicle
activity,38.051814,-78.501081,38.032015,-78.504061,2025-03-24 20:45:32.999000-04:00,2025-03-24 20:51:34.999000-04:00,0.10055555555555555,in passenger vehicle
activity,38.03212,-78.505712,38.032453,-78.509222,2025-03-25 09:25:20.773000-04:00,2025-03-25 09:29:02.672000-04:00,0.06163861111111111,walking
activity,38.032471,-78.509176,38.031647,-78.504237,2025-03-25 10:50:48.293000-04:00,2025-03-25 10:57:59.647000-04:00,0.11982055555555556,walking
activity,38.032801,-78.509085,38.03394,-78.514295,2025-03-25 15:16:09.547000-04:00,2025-03-25 15:24:39.999000-04:00,0.1417922222222222,walking
activity,38.032639,-78.514317,38.031379,-78.503975,2025-03-25 16:55:07.013000-04:00,2025-03-25 17:08:21.301000-04:00,0.22063555555555556,walking
activity,38.051155,-78.500738,38.131963,-78.434779,2025-03-25 18:18:20.999000-04:00,2025-03-25 18:41:10.999000-04:00,0.38055555555555554,in passenger vehicle
activity,38.132118,-78.432827,38.032017,-78.504103,2025-03-26 01:18:54.999000-04:00,2025-03-26 01:33:18.998000-04:00,0.23999972222222224,in passenger vehicle
activity,38.031833,-78.504493,38.032124,-78.509502,2025-03-26 13:50:26.999000-04:00,2025-03-26 13:58:41.537000-04:00,0.13737166666666667,walking
