type,latitude,longitude,start_time,end_time,duration_hours,place_id,semantic_type
visit,32.394897,-84.954974,2025-01-24 21:19:47.995000-05:00,2025-01-25 07:30:43.272000-05:00,10.18202138888889,ChIJIfpjviPTjIgR3ZoFY3gw32U,Unknown
visit,33.648438,-84.463041,2025-01-25 09:12:26.236000-05:00,2025-01-25 09:19:07.268000-05:00,0.1113977777777777,ChIJC-XTFuvi9IgRYR3-u78BJ80,Unknown
visit,33.639882,-84.463452,2025-01-25 09:24:43.530000-05:00,2025-01-25 09:32:40.999000-05:00,0.1326302777777777,ChIJc7-0reji9IgR9HL-ejNvco4,Unknown
visit,33.639826,-84.464172,2025-01-25 09:24:43.530000-05:00,2025-01-25 09:32:40.999000-05:00,0.1326302777777777,ChIJoWuuQe_i9IgRaS_9g71lLNI,Unknown
visit,33.632419,-84.433312,2025-01-25 09:41:24.536000-05:00,2025-01-25 11:31:01.086000-05:00,1.8268194444444448,ChIJAVkD4S_99IgRSLCSGO-jF0E,Unknown
visit,37.507458,-77.334872,2025-01-25 12:56:29.505000-05:00,2025-01-25 13:08:48.050000-05:00,0.2051513888888888,ChIJ9zXuDlUasYkRiqtM3nK8Mdg,Searched Address
visit,37.531016,-77.567882,2025-01-25 13:32:51.223000-05:00,2025-01-25 14:44:51.999000-05:00,1.2002155555555556,ChIJxzPg_iltsYkRapDUkGLliQk,Home
visit,37.552836,-77.479265,2025-01-25 14:58:52.399000-05:00,2025-01-25 17:04:30.132000-05:00,2.093814722222222,ChIJJfiiLuUTsYkRfDL-3bpBbg8,Unknown
visit,37.531016,-77.567882,2025-01-25 18:31:11.332000-05:00,2025-01-26 21:07:59.711000-05:00,26.61343861111111,ChIJxzPg_iltsYkRapDUkGLliQk,Home
visit,38.030992,-78.503485,2025-01-27 10:34:36.753000-05:00,2025-01-27 15:13:44.999000-05:00,4.652290555555555,ChIJKcr5qEaGs4kR7lG-awEVGrs,Searched Address
visit,38.033553,-78.507977,2025-01-27 15:21:37.949000-05:00,2025-01-27 16:47:09.816000-05:00,1.4255186111111111,ChIJ3cRJt0iGs4kRRliLzMIIUUA,Unknown
visit,38.032088,-78.510695,2025-01-27 15:21:37.949000-05:00,2025-01-27 15:27:56.939000-05:00,0.105275,ChIJp622Q1uGs4kRB5yTaU44YRg,Unknown
visit,38.032573,-78.505025,2025-01-27 16:54:19.737000-05:00,2025-01-27 18:15:44.327000-05:00,1.3568305555555555,ChIJrXrnN0SGs4kRTZ3jBHMEPM8,Searched Address
visit,38.034081,-78.499425,2025-01-27 18:38:40.163000-05:00,2025-01-27 19:04:13.258000-05:00,0.4258597222222222,ChIJe36PwUeGs4kRZOJkoRYRhEc,Unknown
visit,38.033553,-78.507977,2025-01-27 19:10:57.668000-05:00,2025-01-27 22:15:55.541000-05:00,3.0827425,ChIJ3cRJt0iGs4kRRliLzMIIUUA,Unknown
visit,38.036457,-78.505368,2025-01-27 19:11:51.165000-05:00,2025-01-27 22:15:55.541000-05:00,3.0678822222222224,ChIJYWEcjkWGs4kRfZ5xc0CXbuk,Unknown
visit,38.030992,-78.503485,2025-01-27 22:27:02.728000-05:00,2025-01-27 22:35:02.711000-05:00,0.1333286111111111,ChIJKcr5qEaGs4kR7lG-awEVGrs,Searched Address
visit,38.033553,-78.507977,2025-01-28 09:24:42.674000-05:00,2025-01-28 10:49:49.128000-05:00,1.4184594444444445,ChIJ3cRJt0iGs4kRRliLzMIIUUA,Unknown
visit,38.032088,-78.510695,2025-01-28 09:25:56.662000-05:00,2025-01-28 10:49:49.128000-05:00,1.3979072222222224,ChIJp622Q1uGs4kRB5yTaU44YRg,Unknown
visit,38.030992,-78.503485,2025-01-28 10:57:47.495000-05:00,2025-01-28 15:04:25.169000-05:00,4.1104650000000005,ChIJKcr5qEaGs4kR7lG-awEVGrs,Searched Address
visit,38.033346,-78.516319,2025-01-28 15:19:01.642000-05:00,2025-01-28 16:53:45.739000-05:00,1.5789158333333333,ChIJ6-CobFmGs4kRdf7ZTN4iGZQ,Searched Address
visit,38.030992,-78.503485,2025-01-28 17:08:24.791000-05:00,2025-01-28 20:37:06.381000-05:00,3.4782194444444445,ChIJKcr5qEaGs4kR7lG-awEVGrs,Searched Address
visit,38.033553,-78.507977,2025-01-28 20:48:53.562000-05:00,2025-01-28 23:17:20.315000-05:00,2.474098055555556,ChIJ3cRJt0iGs4kRRliLzMIIUUA,Unknown
visit,38.036457,-78.505368,2025-01-28 20:48:53.562000-05:00,2025-01-28 23:17:20.315000-05:00,2.474098055555556,ChIJYWEcjkWGs4kRfZ5xc0CXbuk,Unknown
visit,38.030992,-78.503485,2025-01-28 23:27:02.950000-05:00,2025-01-28 23:37:13.163000-05:00,0.1695036111111111,ChIJKcr5qEaGs4kR7lG-awEVGrs,Searched Address
visit,38.030992,-78.503485,2025-01-28 23:37:13.163000-05:00,2025-01-29 13:47:48.649000-05:00,14.176523888888887,ChIJKcr5qEaGs4kR7lG-awEVGrs,Searched Address
visit,38.033553,-78.507977,2025-01-29 13:54:36.934000-05:00,2025-01-29 16:50:20.178000-05:00,2.9286788888888893,ChIJ3cRJt0iGs4kRRliLzMIIUUA,Unknown
visit,38.032088,-78.510695,2025-01-29 13:55:06.747000-05:00,2025-01-29 16:50:20.178000-05:00,2.9203975,ChIJp622Q1uGs4kRB5yTaU44YRg,Unknown
visit,38.030992,-78.503485,2025-01-29 16:50:20.178000-05:00,2025-01-30 09:19:42.765000-05:00,16.489607499999998,ChIJKcr5qEaGs4kR7lG-awEVGrs,Searched Address
visit,38.033553,-78.507977,2025-01-30 09:25:34.244000-05:00,2025-01-30 10:50:19.331000-05:00,1.4125241666666668,ChIJ3cRJt0iGs4kRRliLzMIIUUA,Unknown
visit,38.032088,-78.510695,2025-01-30 09:27:36.717000-05:00,2025-01-30 10:48:38.995000-05:00,1.3506327777777778,ChIJp622Q1uGs4kRB5yTaU44YRg,Unknown
visit,38.030992,-78.503485,2025-01-30 11:19:59.137000-05:00,2025-01-30 15:06:56.683000-05:00,3.7826516666666663,ChIJKcr5qEaGs4kR7lG-awEVGrs,Searched Address
visit,38.033553,-78.507977,2025-01-30 15:19:26.785000-05:00,2025-01-30 16:38:29.999000-05:00,1.3175594444444445,ChIJ3cRJt0iGs4kRRliLzMIIUUA,Unknown
visit,38.032882,-78.513558,2025-01-30 15:19:26.785000-05:00,2025-01-30 16:37:43.999000-05:00,1.3047816666666667,ChIJpyGb7luGs4kRIMwkg1whbHk,Unknown
visit,38.030992,-78.503485,2025-01-30 18:13:21.124000-05:00,2025-01-31 10:45:29.379000-05:00,16.53562638888889,ChIJKcr5qEaGs4kR7lG-awEVGrs,Searched Address
visit,38.033553,-78.507977,2025-01-31 10:51:57.999000-05:00,2025-01-31 11:25:20.771000-05:00,0.5563255555555555,ChIJ3cRJt0iGs4kRRliLzMIIUUA,Unknown
visit,38.030992,-78.503485,2025-01-31 11:33:33-05:00,2025-01-31 16:10:42.995000-05:00,4.619443055555555,ChIJKcr5qEaGs4kR7lG-awEVGrs,Searched Address
visit,38.132817,-78.433573,2025-01-31 16:36:11.040000-05:00,2025-01-31 23:19:51.307000-05:00,6.727851944444445,ChIJeZvvMwN3tIkRAkbvGVCuMfw,Searched Address
visit,38.089878,-78.467246,2025-01-31 23:25:39-05:00,2025-01-31 23:39:38.733000-05:00,0.2332591666666666,ChIJ_TLatel3tIkRMQypgQglYOg,Unknown
visit,38.030992,-78.503485,2025-01-31 23:57:57.999000-05:00,2025-02-01 20:11:40.999000-05:00,20.22861111111111,ChIJKcr5qEaGs4kR7lG-awEVGrs,Searched Address
visit,38.052815,-78.501257,2025-02-01 20:20:02-05:00,2025-02-01 20:48:44.091000-05:00,0.4783586111111111,ChIJI5T2nbeHs4kRuLewu_1gO8g,Unknown
visit,38.052815,-78.501257,2025-02-02 14:36:22.999000-05:00,2025-02-02 15:35:34.301000-05:00,0.986472777777778,ChIJI5T2nbeHs4kRuLewu_1gO8g,Unknown
visit,38.053566,-78.500689,2025-02-02 15:02:41-05:00,2025-02-02 15:35:34.301000-05:00,0.5481391666666666,ChIJS2bqabaHs4kRSFt5o5c1Wos,Unknown
visit,38.030992,-78.503485,2025-02-02 15:43:08.231000-05:00,2025-02-02 16:31:07.007000-05:00,0.7996599999999999,ChIJKcr5qEaGs4kR7lG-awEVGrs,Searched Address
visit,38.008758,-78.500588,2025-02-02 16:42:28.841000-05:00,2025-02-02 17:02:11.835000-05:00,0.3286094444444444,ChIJ1YGyX3OGs4kRgbu5tjpmT2M,Unknown
visit,38.052815,-78.501257,2025-02-02 17:16:42.796000-05:00,2025-02-02 17:48:25.330000-05:00,0.5284816666666667,ChIJI5T2nbeHs4kRuLewu_1gO8g,Unknown
visit,38.051406,-78.503118,2025-02-02 17:16:42.796000-05:00,2025-02-02 17:48:25.330000-05:00,0.5284816666666667,ChIJgwc1KrSHs4kRb72KBgRsqw0,Unknown
visit,38.030992,-78.503485,2025-02-02 17:54:37.687000-05:00,2025-02-03 06:27:35.035000-05:00,12.549263333333332,ChIJKcr5qEaGs4kR7lG-awEVGrs,Searched Address
visit,38.132616,-78.433283,2025-02-03 06:43:48.039000-05:00,2025-02-03 13:29:27.252000-05:00,6.7608925,ChIJJwWQMQN3tIkRGqZ_O9fzuY0,Unknown
visit,38.069104,-78.490289,2025-02-03 13:45:55.420000-05:00,2025-02-03 14:08:38.658000-05:00,0.3786772222222222,ChIJ02ss_OiHs4kRGskTqGAbMdI,Unknown
visit,38.030992,-78.503485,2025-02-03 14:21:34.508000-05:00,2025-02-03 18:20:55.878000-05:00,3.989269444444445,ChIJKcr5qEaGs4kR7lG-awEVGrs,Searched Address
visit,38.033553,-78.507977,2025-02-04 09:27:45.155000-05:00,2025-02-04 10:46:56.817000-05:00,1.3199061111111112,ChIJ3cRJt0iGs4kRRliLzMIIUUA,Unknown
visit,38.032088,-78.510695,2025-02-04 09:29:31.335000-05:00,2025-02-04 10:46:56.817000-05:00,1.2904116666666667,ChIJp622Q1uGs4kRB5yTaU44YRg,Unknown
visit,38.030992,-78.503485,2025-02-04 10:54:56.167000-05:00,2025-02-04 15:03:44.507000-05:00,4.146761111111111,ChIJKcr5qEaGs4kR7lG-awEVGrs,Searched Address
visit,38.033553,-78.507977,2025-02-04 15:18:26.442000-05:00,2025-02-04 16:53:54.356000-05:00,1.591087222222222,ChIJ3cRJt0iGs4kRRliLzMIIUUA,Unknown
visit,38.032882,-78.513558,2025-02-04 15:18:26.442000-05:00,2025-02-04 16:53:54.356000-05:00,1.591087222222222,ChIJpyGb7luGs4kRIMwkg1whbHk,Unknown
visit,38.030992,-78.503485,2025-02-04 17:10:56.852000-05:00,2025-02-05 08:49:37.338000-05:00,15.644579444444444,ChIJKcr5qEaGs4kR7lG-awEVGrs,Searched Address
visit,38.052237,-78.499002,2025-02-05 08:56:27.001000-05:00,2025-02-05 09:39:14.145000-05:00,0.7130955555555555,ChIJF3NHG32Hs4kRpc5JCsU-hHg,Unknown
visit,38.052815,-78.501257,2025-02-05 09:39:14.145000-05:00,2025-02-05 10:00:55.047000-05:00,0.3613616666666667,ChIJI5T2nbeHs4kRuLewu_1gO8g,Unknown
visit,38.050261,-78.502475,2025-02-05 09:48:18-05:00,2025-02-05 10:00:55.047000-05:00,0.2102908333333333,ChIJReAPgo6Hs4kR-9jKdusbMYk,Unknown
visit,38.033553,-78.507977,2025-02-05 10:05:21.041000-05:00,2025-02-05 10:20:04.048000-05:00,0.2452797222222222,ChIJ3cRJt0iGs4kRRliLzMIIUUA,Unknown
visit,38.030992,-78.503485,2025-02-05 10:28:56.745000-05:00,2025-02-05 13:51:55.152000-05:00,3.382890833333333,ChIJKcr5qEaGs4kR7lG-awEVGrs,Searched Address
visit,38.032573,-78.505025,2025-02-05 16:58:35.832000-05:00,2025-02-05 18:16:55.646000-05:00,1.305503888888889,ChIJrXrnN0SGs4kRTZ3jBHMEPM8,Searched Address
visit,38.030992,-78.503485,2025-02-05 18:21:50.223000-05:00,2025-02-06 09:24:23.999000-05:00,15.042715555555557,ChIJKcr5qEaGs4kR7lG-awEVGrs,Searched Address
visit,38.033553,-78.507977,2025-02-06 09:29:43.330000-05:00,2025-02-06 13:03:35.442000-05:00,3.564475555555555,ChIJ3cRJt0iGs4kRRliLzMIIUUA,Unknown
visit,38.032088,-78.510695,2025-02-06 09:31:23-05:00,2025-02-06 13:03:35.442000-05:00,3.536789444444444,ChIJp622Q1uGs4kRB5yTaU44YRg,Unknown
visit,38.033553,-78.507977,2025-02-06 15:26:08.977000-05:00,2025-02-06 16:59:30.734000-05:00,1.556043611111111,ChIJ3cRJt0iGs4kRRliLzMIIUUA,Unknown
visit,38.032882,-78.513558,2025-02-06 15:26:08.977000-05:00,2025-02-06 16:59:30.734000-05:00,1.556043611111111,ChIJpyGb7luGs4kRIMwkg1whbHk,Unknown
visit,38.030992,-78.503485,2025-02-08 14:37:33.296000-05:00,2025-02-08 14:50:40-05:00,0.2185288888888888,ChIJKcr5qEaGs4kR7lG-awEVGrs,Searched Address
visit,37.531016,-77.567882,2025-02-08 16:19:41.243000-05:00,2025-02-08 17:19:23.999000-05:00,0.99521,ChIJxzPg_iltsYkRapDUkGLliQk,Home
visit,37.552447,-77.47818,2025-02-08 17:31:28.999000-05:00,2025-02-08 18:48:56.753000-05:00,1.2910427777777778,ChIJVbST2uQTsYkRR2KRFiKb3ps,Unknown
visit,37.531016,-77.567882,2025-02-08 19:05:45.848000-05:00,2025-02-08 21:16:33.628000-05:00,2.1799388888888886,ChIJxzPg_iltsYkRapDUkGLliQk,Home
visit,37.537901,-77.564784,2025-02-08 21:17:59.871000-05:00,2025-02-08 21:25:40.526000-05:00,0.1279597222222222,ChIJS23ko9NssYkRQQjcX__d6tg,Unknown
visit,37.531016,-77.567882,2025-02-08 21:28:06.199000-05:00,2025-02-09 14:28:32.106000-05:00,17.00719638888889,ChIJxzPg_iltsYkRapDUkGLliQk,Home
visit,37.558461,-77.659897,2025-02-09 14:46:23.849000-05:00,2025-02-09 15:26:48.204000-05:00,0.6734319444444444,ChIJUQkJmZFusYkRy7q4vDoTpYI,Unknown
visit,37.555927,-77.660461,2025-02-09 15:26:48.204000-05:00,2025-02-09 16:23:54.295000-05:00,0.9516919444444444,ChIJ3V3W7ptusYkRyeYgSStsJSA,Unknown
visit,37.536135,-77.525786,2025-02-09 16:39:17.999000-05:00,2025-02-09 17:01:50.452000-05:00,0.3756813888888888,ChIJ655uABATsYkRQhfugks33oo,Unknown
visit,37.534975,-77.527658,2025-02-09 16:43:53.496000-05:00,2025-02-09 17:01:50.452000-05:00,0.2991544444444444,ChIJx2L91AQTsYkReHQjwKfR99w,Unknown
visit,37.531016,-77.567882,2025-02-09 17:15:53.972000-05:00,2025-02-10 10:29:25.735000-05:00,17.22548972222222,ChIJxzPg_iltsYkRapDUkGLliQk,Home
visit,37.537901,-77.564784,2025-02-10 10:36:00.999000-05:00,2025-02-10 11:00:40.999000-05:00,0.4111111111111111,ChIJS23ko9NssYkRQQjcX__d6tg,Unknown
visit,37.537293,-77.566102,2025-02-10 10:47:27.999000-05:00,2025-02-10 11:00:40.999000-05:00,0.2202777777777777,ChIJO19j7tJssYkRjiQ2RBcgtOY,Unknown
visit,38.033346,-78.516319,2025-02-10 12:10:05.999000-05:00,2025-02-10 12:16:29.999000-05:00,0.1066666666666666,ChIJ6-CobFmGs4kRdf7ZTN4iGZQ,Searched Address
visit,38.030992,-78.503485,2025-02-10 12:21:43.999000-05:00,2025-02-10 15:19:46.817000-05:00,2.967449444444444,ChIJKcr5qEaGs4kR7lG-awEVGrs,Searched Address
visit,38.033553,-78.507977,2025-02-10 15:28:39.030000-05:00,2025-02-10 16:43:53.118000-05:00,1.2539133333333332,ChIJ3cRJt0iGs4kRRliLzMIIUUA,Unknown
visit,38.03272,-78.510975,2025-02-10 15:34:04.920000-05:00,2025-02-10 16:43:53.118000-05:00,1.1633883333333337,ChIJBehlE1uGs4kRM2pwLXJH0pQ,Unknown
visit,38.032573,-78.505025,2025-02-10 16:55:11.845000-05:00,2025-02-10 18:21:22.947000-05:00,1.4364172222222222,ChIJrXrnN0SGs4kRTZ3jBHMEPM8,Searched Address
visit,38.033553,-78.507977,2025-02-10 19:55:46.467000-05:00,2025-02-11 00:56:07.995000-05:00,5.005979999999999,ChIJ3cRJt0iGs4kRRliLzMIIUUA,Unknown
visit,38.036457,-78.505368,2025-02-10 19:55:46.467000-05:00,2025-02-11 00:56:07.995000-05:00,5.005979999999999,ChIJYWEcjkWGs4kRfZ5xc0CXbuk,Unknown
visit,38.030992,-78.503485,2025-02-11 01:09:49.211000-05:00,2025-02-11 22:04:57.001000-05:00,20.918830555555555,ChIJKcr5qEaGs4kR7lG-awEVGrs,Searched Address
visit,38.030992,-78.503485,2025-02-11 22:19:47.208000-05:00,2025-02-11 22:34:43.182000-05:00,0.2488816666666666,ChIJKcr5qEaGs4kR7lG-awEVGrs,Searched Address
visit,38.036178,-78.499701,2025-02-12 16:13:57.972000-05:00,2025-02-12 16:44:35.611000-05:00,0.5104552777777778,ChIJFSxUbEiGs4kRb4rFCrtJWUY,Searched Address
visit,38.030992,-78.503485,2025-02-12 16:44:35.611000-05:00,2025-02-13 09:21:43.567000-05:00,16.618876666666665,ChIJKcr5qEaGs4kR7lG-awEVGrs,Searched Address
visit,38.033553,-78.507977,2025-02-13 09:26:15-05:00,2025-02-13 13:07:46.356000-05:00,3.692043333333333,ChIJ3cRJt0iGs4kRRliLzMIIUUA,Unknown
visit,38.032088,-78.510695,2025-02-13 09:28:08.602000-05:00,2025-02-13 13:07:46.356000-05:00,3.660487222222223,ChIJp622Q1uGs4kRB5yTaU44YRg,Unknown
visit,38.030992,-78.503485,2025-02-13 13:14:37-05:00,2025-02-13 15:02:27.961000-05:00,1.7974891666666668,ChIJKcr5qEaGs4kR7lG-awEVGrs,Searched Address
visit,38.033553,-78.507977,2025-02-13 15:21:45.290000-05:00,2025-02-13 16:43:08.124000-05:00,1.3563427777777777,ChIJ3cRJt0iGs4kRRliLzMIIUUA,Unknown
visit,38.032882,-78.513558,2025-02-13 15:21:45.290000-05:00,2025-02-13 16:43:08.124000-05:00,1.3563427777777777,ChIJpyGb7luGs4kRIMwkg1whbHk,Unknown
visit,38.030992,-78.503485,2025-02-13 17:00:37.692000-05:00,2025-02-14 15:41:31.897000-05:00,22.68172361111111,ChIJKcr5qEaGs4kR7lG-awEVGrs,Searched Address
visit,38.052815,-78.501257,2025-02-14 15:56:27.528000-05:00,2025-02-14 17:32:06.114000-05:00,1.5940516666666666,ChIJI5T2nbeHs4kRuLewu_1gO8g,Unknown
visit,38.049163,-78.503676,2025-02-14 15:56:27.528000-05:00,2025-02-14 16:04:24.001000-05:00,0.1323536111111111,ChIJf9w9O7SHs4kReobxchTV7I8,Unknown
visit,38.051406,-78.503118,2025-02-14 16:07:48.521000-05:00,2025-02-14 17:07:00.016000-05:00,0.9865263888888888,ChIJgwc1KrSHs4kRb72KBgRsqw0,Unknown
visit,38.050283,-78.504449,2025-02-14 17:22:18.888000-05:00,2025-02-14 17:32:06.114000-05:00,0.1631183333333333,ChIJqVeBL7SHs4kRCXXOuoAWjQE,Unknown
visit,38.036178,-78.499701,2025-02-14 20:23:51.921000-05:00,2025-02-14 23:17:31.630000-05:00,2.8943636111111117,ChIJFSxUbEiGs4kRb4rFCrtJWUY,Searched Address
visit,38.030992,-78.503485,2025-02-14 23:33:46.476000-05:00,2025-02-15 14:21:36.358000-05:00,14.797189444444443,ChIJKcr5qEaGs4kR7lG-awEVGrs,Searched Address
visit,38.059287,-78.708844,2025-02-15 14:45:41.797000-05:00,2025-02-15 16:31:49.953000-05:00,1.768932222222222,ChIJ6S4wuft-s4kRydpHV7iTdjs,Unknown
visit,38.065186,-78.492411,2025-02-15 16:55:22.051000-05:00,2025-02-15 18:07:59.356000-05:00,1.2103625,ChIJ1cS0HsKHs4kRHcXgPgU1f_g,Unknown
visit,38.067294,-78.493075,2025-02-15 17:11:38.090000-05:00,2025-02-15 18:07:59.356000-05:00,0.9392405555555556,ChIJMYxxPeqHs4kR1ypjBKZyc80,Unknown
visit,38.030992,-78.503485,2025-02-15 18:16:17.124000-05:00,2025-02-16 17:46:15.903000-05:00,23.499660833333333,ChIJKcr5qEaGs4kR7lG-awEVGrs,Searched Address
visit,38.033553,-78.507977,2025-02-16 18:07:32.294000-05:00,2025-02-16 23:54:04.781000-05:00,5.775690833333334,ChIJ3cRJt0iGs4kRRliLzMIIUUA,Unknown
visit,38.036457,-78.505368,2025-02-16 18:09:02.905000-05:00,2025-02-16 23:54:04.781000-05:00,5.750521111111111,ChIJYWEcjkWGs4kRfZ5xc0CXbuk,Unknown
visit,38.030992,-78.503485,2025-02-16 23:54:04.781000-05:00,2025-02-17 15:20:38.998000-05:00,15.442838055555557,ChIJKcr5qEaGs4kR7lG-awEVGrs,Searched Address
visit,38.033553,-78.507977,2025-02-17 15:26:51.247000-05:00,2025-02-17 16:32:08.386000-05:00,1.0880941666666668,ChIJ3cRJt0iGs4kRRliLzMIIUUA,Unknown
visit,38.032573,-78.505025,2025-02-17 16:39:44.632000-05:00,2025-02-17 18:21:46.559000-05:00,1.7005352777777778,ChIJrXrnN0SGs4kRTZ3jBHMEPM8,Searched Address
visit,38.052815,-78.501257,2025-02-17 20:29:15-05:00,2025-02-17 21:07:23.999000-05:00,0.6358330555555555,ChIJI5T2nbeHs4kRuLewu_1gO8g,Unknown
visit,38.033553,-78.507977,2025-02-18 09:25:41.998000-05:00,2025-02-18 10:49:42.020000-05:00,1.400006111111111,ChIJ3cRJt0iGs4kRRliLzMIIUUA,Unknown
visit,38.032088,-78.510695,2025-02-18 09:25:41.998000-05:00,2025-02-18 10:49:42.020000-05:00,1.400006111111111,ChIJp622Q1uGs4kRB5yTaU44YRg,Unknown
visit,38.030992,-78.503485,2025-02-18 10:59:15.997000-05:00,2025-02-18 15:08:01.262000-05:00,4.1459069444444445,ChIJKcr5qEaGs4kR7lG-awEVGrs,Searched Address
visit,38.033553,-78.507977,2025-02-18 15:21:29.105000-05:00,2025-02-18 16:34:01.343000-05:00,1.208955,ChIJ3cRJt0iGs4kRRliLzMIIUUA,Unknown
visit,38.032882,-78.513558,2025-02-18 15:21:29.105000-05:00,2025-02-18 16:34:01.343000-05:00,1.208955,ChIJpyGb7luGs4kRIMwkg1whbHk,Unknown
visit,38.030992,-78.503485,2025-02-18 16:34:01.343000-05:00,2025-02-19 12:40:55.021000-05:00,20.11491055555556,ChIJKcr5qEaGs4kR7lG-awEVGrs,Searched Address
visit,38.030992,-78.503485,2025-02-19 16:41:21.097000-05:00,2025-02-19 16:48:00.699000-05:00,0.1110005555555555,ChIJKcr5qEaGs4kR7lG-awEVGrs,Searched Address
visit,38.033553,-78.507977,2025-02-20 10:49:09-05:00,2025-02-20 13:09:12.806000-05:00,2.334390555555556,ChIJ3cRJt0iGs4kRRliLzMIIUUA,Unknown
visit,38.030992,-78.503485,2025-02-20 13:17:46.467000-05:00,2025-02-20 15:11:09.855000-05:00,1.88983,ChIJKcr5qEaGs4kR7lG-awEVGrs,Searched Address
visit,38.030992,-78.503485,2025-02-20 16:48:10.999000-05:00,2025-02-20 18:19:17.042000-05:00,1.5183452777777775,ChIJKcr5qEaGs4kR7lG-awEVGrs,Searched Address
visit,38.132616,-78.433283,2025-02-20 18:43:13.886000-05:00,2025-02-21 01:24:48.159000-05:00,6.692853611111111,ChIJJwWQMQN3tIkRGqZ_O9fzuY0,Unknown
visit,38.030992,-78.503485,2025-02-21 01:40:54.948000-05:00,2025-02-22 14:35:58.996000-05:00,36.91779111111112,ChIJKcr5qEaGs4kR7lG-awEVGrs,Searched Address
visit,38.030992,-78.503485,2025-02-22 15:02:19.237000-05:00,2025-02-22 16:44:36.274000-05:00,1.7047325,ChIJKcr5qEaGs4kR7lG-awEVGrs,Searched Address
visit,38.033553,-78.507977,2025-02-22 16:53:12.644000-05:00,2025-02-22 17:57:18.930000-05:00,1.068412777777778,ChIJ3cRJt0iGs4kRRliLzMIIUUA,Unknown
visit,38.036457,-78.505368,2025-02-22 16:53:12.644000-05:00,2025-02-22 17:07:29.225000-05:00,0.2379391666666666,ChIJYWEcjkWGs4kRfZ5xc0CXbuk,Unknown
visit,38.034711,-78.50029,2025-02-22 18:00:11.450000-05:00,2025-02-22 20:08:27.068000-05:00,2.137671666666667,ChIJzxgUxkeGs4kRNHMXfp2SWm4,Unknown
visit,38.030992,-78.503485,2025-02-22 20:20:56.272000-05:00,2025-02-22 23:48:19.425000-05:00,3.456431388888889,ChIJKcr5qEaGs4kR7lG-awEVGrs,Searched Address
visit,38.030992,-78.503485,2025-02-22 23:48:19.425000-05:00,2025-02-24 15:16:20.938000-05:00,39.467086944444446,ChIJKcr5qEaGs4kR7lG-awEVGrs,Searched Address
visit,38.033553,-78.507977,2025-02-24 15:25:32.732000-05:00,2025-02-24 16:47:20.684000-05:00,1.36332,ChIJ3cRJt0iGs4kRRliLzMIIUUA,Unknown
visit,38.03272,-78.510975,2025-02-24 15:29:56.509000-05:00,2025-02-24 16:47:20.684000-05:00,1.2900486111111111,ChIJBehlE1uGs4kRM2pwLXJH0pQ,Unknown
visit,38.032573,-78.505025,2025-02-24 16:55:52-05:00,2025-02-24 18:17:24.602000-05:00,1.359056111111111,ChIJrXrnN0SGs4kRTZ3jBHMEPM8,Searched Address
visit,38.030992,-78.503485,2025-02-24 19:44:10.101000-05:00,2025-02-25 09:22:22.996000-05:00,13.636915277777776,ChIJKcr5qEaGs4kR7lG-awEVGrs,Searched Address
visit,38.031619,-78.510846,2025-02-25 09:30:18.715000-05:00,2025-02-25 13:46:50.644000-05:00,4.2755358333333335,ChIJB1s6kd6Hs4kRJhuNmO73ZLk,Unknown
visit,38.034081,-78.499425,2025-02-25 14:35:22.934000-05:00,2025-02-25 15:07:30.244000-05:00,0.5353638888888889,ChIJe36PwUeGs4kRZOJkoRYRhEc,Unknown
visit,38.032573,-78.505025,2025-02-25 16:09:09.420000-05:00,2025-02-25 16:57:03.027000-05:00,0.7982241666666666,ChIJrXrnN0SGs4kRTZ3jBHMEPM8,Searched Address
visit,38.030992,-78.503485,2025-02-25 17:19:18.929000-05:00,2025-02-25 17:56:46.007000-05:00,0.6241883333333333,ChIJKcr5qEaGs4kR7lG-awEVGrs,Searched Address
visit,38.065186,-78.492411,2025-02-25 18:08:17.045000-05:00,2025-02-25 18:14:18.627000-05:00,0.1004394444444444,ChIJ1cS0HsKHs4kRHcXgPgU1f_g,Unknown
visit,38.052815,-78.501257,2025-02-25 19:21:30.878000-05:00,2025-02-25 19:41:57.087000-05:00,0.3406136111111111,ChIJI5T2nbeHs4kRuLewu_1gO8g,Unknown
visit,38.053566,-78.500689,2025-02-25 19:21:30.878000-05:00,2025-02-25 19:41:57.087000-05:00,0.3406136111111111,ChIJS2bqabaHs4kRSFt5o5c1Wos,Unknown
visit,38.030992,-78.503485,2025-02-25 19:51:56-05:00,2025-02-26 13:45:50.457000-05:00,17.89846027777778,ChIJKcr5qEaGs4kR7lG-awEVGrs,Searched Address
visit,38.033553,-78.507977,2025-02-26 13:53:10.478000-05:00,2025-02-26 16:48:11.347000-05:00,2.9169080555555555,ChIJ3cRJt0iGs4kRRliLzMIIUUA,Unknown
visit,38.032088,-78.510695,2025-02-26 13:53:10.478000-05:00,2025-02-26 14:30:22.896000-05:00,0.6201161111111111,ChIJp622Q1uGs4kRB5yTaU44YRg,Unknown
visit,38.033271,-78.509706,2025-02-26 14:31:41.994000-05:00,2025-02-26 15:25:42.104000-05:00,0.9000305555555556,ChIJTxfaLluGs4kRjzKe2drp48c,Unknown
visit,38.032573,-78.505025,2025-02-26 16:52:11.652000-05:00,2025-02-26 18:19:10.243000-05:00,1.4496086111111113,ChIJrXrnN0SGs4kRTZ3jBHMEPM8,Searched Address
visit,38.030992,-78.503485,2025-02-26 20:47:22.060000-05:00,2025-02-26 23:16:36.341000-05:00,2.487300277777778,ChIJKcr5qEaGs4kR7lG-awEVGrs,Searched Address
visit,38.031619,-78.510846,2025-02-27 09:30:03.230000-05:00,2025-02-27 13:39:03.808000-05:00,4.150160555555556,ChIJB1s6kd6Hs4kRJhuNmO73ZLk,Unknown
visit,38.030992,-78.503485,2025-02-27 13:48:29.296000-05:00,2025-02-27 15:09:56.886000-05:00,1.357663888888889,ChIJKcr5qEaGs4kR7lG-awEVGrs,Searched Address
visit,38.033553,-78.507977,2025-02-27 15:24:31.575000-05:00,2025-02-27 16:31:08.990000-05:00,1.1103930555555557,ChIJ3cRJt0iGs4kRRliLzMIIUUA,Unknown
visit,38.032882,-78.513558,2025-02-27 15:24:31.575000-05:00,2025-02-27 16:31:08.990000-05:00,1.1103930555555557,ChIJpyGb7luGs4kRIMwkg1whbHk,Unknown
visit,38.030992,-78.503485,2025-02-27 16:46:56.491000-05:00,2025-02-27 18:07:02.722000-05:00,1.3350641666666665,ChIJKcr5qEaGs4kR7lG-awEVGrs,Searched Address
visit,38.132616,-78.433283,2025-02-27 18:44:52-05:00,2025-02-28 01:21:37.999000-05:00,6.6127775,ChIJJwWQMQN3tIkRGqZ_O9fzuY0,Unknown
visit,38.030992,-78.503485,2025-02-28 01:36:28.999000-05:00,2025-02-28 17:52:03.369000-05:00,16.259547222222224,ChIJKcr5qEaGs4kR7lG-awEVGrs,Searched Address
visit,38.033553,-78.507977,2025-02-28 18:02:16.412000-05:00,2025-02-28 20:13:52.558000-05:00,2.193373888888889,ChIJ3cRJt0iGs4kRRliLzMIIUUA,Unknown
visit,38.036457,-78.505368,2025-02-28 18:02:16.412000-05:00,2025-02-28 20:13:52.558000-05:00,2.193373888888889,ChIJYWEcjkWGs4kRfZ5xc0CXbuk,Unknown
visit,38.03494,-78.500299,2025-02-28 20:18:42.260000-05:00,2025-02-28 20:26:27.228000-05:00,0.1291577777777778,ChIJN2MR0keGs4kRMzjSGigTPoQ,Unknown
visit,38.032573,-78.505025,2025-02-28 20:39:58.594000-05:00,2025-02-28 20:51:02.648000-05:00,0.1844594444444444,ChIJrXrnN0SGs4kRTZ3jBHMEPM8,Searched Address
visit,38.033405,-78.506824,2025-03-01 15:18:45.719000-05:00,2025-03-01 16:10:48.999000-05:00,0.8675777777777778,ChIJXRoDAkWGs4kRMSuVyze0F6w,Searched Address
visit,38.033553,-78.507977,2025-03-01 16:16:06.899000-05:00,2025-03-01 22:30:13.982000-05:00,6.235300833333333,ChIJ3cRJt0iGs4kRRliLzMIIUUA,Unknown
visit,38.036457,-78.505368,2025-03-01 16:16:06.899000-05:00,2025-03-01 17:57:15.954000-05:00,1.6858486111111113,ChIJYWEcjkWGs4kRfZ5xc0CXbuk,Unknown
visit,38.036359,-78.50609,2025-03-01 21:43:48.239000-05:00,2025-03-01 22:30:13.982000-05:00,0.7738174999999999,ChIJEXW5dk-Gs4kRUqQRzDWn_9o,Unknown
visit,38.030992,-78.503485,2025-03-01 22:36:38.152000-05:00,2025-03-02 01:45:34.847000-05:00,3.149081944444444,ChIJKcr5qEaGs4kR7lG-awEVGrs,Searched Address
visit,38.033553,-78.507977,2025-03-02 15:10:57.245000-05:00,2025-03-02 17:52:51.227000-05:00,2.698328333333333,ChIJ3cRJt0iGs4kRRliLzMIIUUA,Unknown
visit,38.036457,-78.505368,2025-03-02 15:10:57.245000-05:00,2025-03-02 17:51:51.499000-05:00,2.6817372222222224,ChIJYWEcjkWGs4kRfZ5xc0CXbuk,Unknown
visit,38.033346,-78.516319,2025-03-02 17:52:51.227000-05:00,2025-03-02 18:14:22.642000-05:00,0.3587263888888888,ChIJ6-CobFmGs4kRdf7ZTN4iGZQ,Searched Address
visit,38.032573,-78.505025,2025-03-02 19:00:02.091000-05:00,2025-03-02 23:10:18.004000-05:00,4.171086944444444,ChIJrXrnN0SGs4kRTZ3jBHMEPM8,Searched Address
visit,38.030992,-78.503485,2025-03-02 23:10:18.004000-05:00,2025-03-03 15:21:45.999000-05:00,16.191109722222222,ChIJKcr5qEaGs4kR7lG-awEVGrs,Searched Address
visit,38.032573,-78.505025,2025-03-03 16:03:53.506000-05:00,2025-03-03 16:29:32.383000-05:00,0.4274658333333333,ChIJrXrnN0SGs4kRTZ3jBHMEPM8,Searched Address
visit,38.033553,-78.507977,2025-03-03 19:11:53.234000-05:00,2025-03-03 23:32:31.334000-05:00,4.343916666666667,ChIJ3cRJt0iGs4kRRliLzMIIUUA,Unknown
visit,38.036457,-78.505368,2025-03-03 19:11:53.234000-05:00,2025-03-03 23:32:31.334000-05:00,4.343916666666667,ChIJYWEcjkWGs4kRfZ5xc0CXbuk,Unknown
visit,38.032573,-78.505025,2025-03-03 23:37:59.252000-05:00,2025-03-04 09:13:35.508000-05:00,9.593404444444444,ChIJrXrnN0SGs4kRTZ3jBHMEPM8,Searched Address
visit,38.035321,-78.500673,2025-03-04 11:00:57.109000-05:00,2025-03-04 12:36:40.176000-05:00,1.595296388888889,ChIJPxTDKkaGs4kR3BXRrx00SQU,Unknown
visit,38.033553,-78.507977,2025-03-04 12:40:28.642000-05:00,2025-03-04 14:38:57.767000-05:00,1.9747569444444444,ChIJ3cRJt0iGs4kRRliLzMIIUUA,Unknown
visit,38.036457,-78.505368,2025-03-04 12:41:32.247000-05:00,2025-03-04 14:38:57.767000-05:00,1.957088888888889,ChIJYWEcjkWGs4kRfZ5xc0CXbuk,Unknown
visit,38.033553,-78.507977,2025-03-04 15:20:42.508000-05:00,2025-03-04 16:43:08.788000-05:00,1.3739666666666666,ChIJ3cRJt0iGs4kRRliLzMIIUUA,Unknown
visit,38.032882,-78.513558,2025-03-04 15:20:42.508000-05:00,2025-03-04 16:40:01.994000-05:00,1.3220794444444444,ChIJpyGb7luGs4kRIMwkg1whbHk,Unknown
visit,38.030992,-78.503485,2025-03-04 17:00:51.627000-05:00,2025-03-04 18:12:58.044000-05:00,1.2017825000000002,ChIJKcr5qEaGs4kR7lG-awEVGrs,Searched Address
visit,38.132616,-78.433283,2025-03-04 18:45:14.999000-05:00,2025-03-05 01:23:16.823000-05:00,6.63384,ChIJJwWQMQN3tIkRGqZ_O9fzuY0,Unknown
visit,38.030992,-78.503485,2025-03-05 01:38:42.683000-05:00,2025-03-05 15:16:02-05:00,13.6220325,ChIJKcr5qEaGs4kR7lG-awEVGrs,Searched Address
visit,38.033553,-78.507977,2025-03-05 15:23:34.769000-05:00,2025-03-05 16:40:44.598000-05:00,1.286063611111111,ChIJ3cRJt0iGs4kRRliLzMIIUUA,Unknown
visit,38.030992,-78.503485,2025-03-05 16:48:53.425000-05:00,2025-03-05 20:06:51.562000-05:00,3.2994825000000003,ChIJKcr5qEaGs4kR7lG-awEVGrs,Searched Address
visit,38.052815,-78.501257,2025-03-05 20:23:31.760000-05:00,2025-03-05 20:31:41-05:00,0.1359,ChIJI5T2nbeHs4kRuLewu_1gO8g,Unknown
visit,38.050261,-78.502475,2025-03-05 20:23:31.760000-05:00,2025-03-05 20:31:41-05:00,0.1359,ChIJReAPgo6Hs4kR-9jKdusbMYk,Unknown
visit,38.030992,-78.503485,2025-03-05 20:57:32.001000-05:00,2025-03-06 09:21:27.699000-05:00,12.398805,ChIJKcr5qEaGs4kR7lG-awEVGrs,Searched Address
visit,38.033553,-78.507977,2025-03-06 09:28:01.375000-05:00,2025-03-06 13:06:02.461000-05:00,3.633635,ChIJ3cRJt0iGs4kRRliLzMIIUUA,Unknown
visit,38.032088,-78.510695,2025-03-06 09:30:19.114000-05:00,2025-03-06 13:06:02.461000-05:00,3.5953741666666668,ChIJp622Q1uGs4kRB5yTaU44YRg,Unknown
visit,38.030992,-78.503485,2025-03-06 13:15:53.557000-05:00,2025-03-06 15:09:00.207000-05:00,1.8851805555555556,ChIJKcr5qEaGs4kR7lG-awEVGrs,Searched Address
visit,38.033553,-78.507977,2025-03-06 15:22:45.152000-05:00,2025-03-06 15:47:38.095000-05:00,0.4147063888888889,ChIJ3cRJt0iGs4kRRliLzMIIUUA,Unknown
visit,38.032882,-78.513558,2025-03-06 15:22:45.152000-05:00,2025-03-06 15:47:38.095000-05:00,0.4147063888888889,ChIJpyGb7luGs4kRIMwkg1whbHk,Unknown
visit,38.036178,-78.499701,2025-03-06 15:47:38.095000-05:00,2025-03-07 14:13:13-05:00,22.4263625,ChIJFSxUbEiGs4kRb4rFCrtJWUY,Searched Address
visit,37.531016,-77.567882,2025-03-07 15:32:41.999000-05:00,2025-03-07 16:53:56.987000-05:00,1.3541633333333334,ChIJxzPg_iltsYkRapDUkGLliQk,Home
visit,37.558461,-77.659897,2025-03-07 17:09:58.843000-05:00,2025-03-07 18:27:11.730000-05:00,1.2869130555555557,ChIJUQkJmZFusYkRy7q4vDoTpYI,Unknown
visit,37.531016,-77.567882,2025-03-07 18:43:19.556000-05:00,2025-03-08 15:29:01-05:00,20.761512222222223,ChIJxzPg_iltsYkRapDUkGLliQk,Home
visit,37.550855,-77.572852,2025-03-08 15:37:07.197000-05:00,2025-03-08 15:51:10.694000-05:00,0.2343047222222222,ChIJw2lz4sdssYkRQUnmZzEBkng,Unknown
visit,37.550672,-77.571231,2025-03-08 15:37:07.197000-05:00,2025-03-08 15:51:10.694000-05:00,0.2343047222222222,ChIJXVEj3stssYkRLMDASqVd26s,Unknown
visit,37.51192,-77.613711,2025-03-08 16:09:59.997000-05:00,2025-03-08 16:44:59.026000-05:00,0.5830636111111112,ChIJhx8TKZltsYkRixAdhG1tm40,Unknown
visit,37.513899,-77.60528,2025-03-08 16:46:38-05:00,2025-03-08 17:26:02.030000-05:00,0.656675,ChIJo0VjnXVtsYkRYsrvO8XoUYY,Unknown
visit,37.558461,-77.659897,2025-03-08 19:10:42.835000-05:00,2025-03-08 19:31:46.996000-05:00,0.3511558333333333,ChIJUQkJmZFusYkRy7q4vDoTpYI,Unknown
visit,37.531016,-77.567882,2025-03-08 20:13:09.999000-05:00,2025-03-08 21:15:07.865000-05:00,1.0327405555555556,ChIJxzPg_iltsYkRapDUkGLliQk,Home
visit,37.531016,-77.567882,2025-03-08 22:26:25-04:00,2025-03-09 16:46:00.113000-04:00,18.32642027777778,ChIJxzPg_iltsYkRapDUkGLliQk,Home
visit,37.536135,-77.525786,2025-03-09 16:55:05-04:00,2025-03-09 17:32:11.344000-04:00,0.6184288888888889,ChIJ655uABATsYkRQhfugks33oo,Unknown
visit,37.531016,-77.567882,2025-03-09 17:38:27.999000-04:00,2025-03-09 17:56:12.999000-04:00,0.2958333333333333,ChIJxzPg_iltsYkRapDUkGLliQk,Home
visit,37.509196,-77.615251,2025-03-09 18:07:06.481000-04:00,2025-03-09 18:45:55.859000-04:00,0.6470494444444445,ChIJVVVVVUVusYkRxv8kNqG6keo,Unknown
visit,37.533238,-77.559563,2025-03-10 13:42:57.999000-04:00,2025-03-10 13:51:55.001000-04:00,0.1491672222222222,ChIJgUCgqysTsYkRI_8Pl4twt_U,Unknown
visit,37.558461,-77.659897,2025-03-10 15:00:23.999000-04:00,2025-03-10 17:25:48-04:00,2.423333611111111,ChIJUQkJmZFusYkRy7q4vDoTpYI,Unknown
visit,37.531016,-77.567882,2025-03-10 17:43:08-04:00,2025-03-10 18:17:08-04:00,0.5666666666666667,ChIJxzPg_iltsYkRapDUkGLliQk,Home
visit,37.503912,-77.612569,2025-03-10 18:25:54.999000-04:00,2025-03-10 18:51:38.999000-04:00,0.4288888888888889,ChIJUb4CsyFtsYkRtQ91amqTnoQ,Unknown
visit,37.504497,-77.613528,2025-03-10 18:26:27.999000-04:00,2025-03-10 18:51:38.999000-04:00,0.4197222222222222,ChIJMyCMVJttsYkRUVfoEExrIyE,Unknown
visit,37.553387,-77.4816,2025-03-10 19:08:00.999000-04:00,2025-03-10 20:11:28.283000-04:00,1.0575788888888888,ChIJddSaVeUTsYkRVl4Jmck3t1w,Unknown
visit,37.531016,-77.567882,2025-03-10 20:21:38.855000-04:00,2025-03-11 12:13:11.914000-04:00,15.859183055555556,ChIJxzPg_iltsYkRapDUkGLliQk,Home
visit,37.534078,-77.561807,2025-03-11 12:14:29.999000-04:00,2025-03-11 12:23:16.043000-04:00,0.1461233333333333,ChIJER5atdRssYkRCTp3EGOug6s,Unknown
visit,37.515194,-77.523913,2025-03-11 12:28:35.042000-04:00,2025-03-11 12:59:29.999000-04:00,0.5152658333333333,ChIJLeDa9vASsYkRjRor6h6tlqE,Unknown
visit,37.531016,-77.567882,2025-03-11 13:14:33.089000-04:00,2025-03-11 15:48:01-04:00,2.557753055555556,ChIJxzPg_iltsYkRapDUkGLliQk,Home
visit,37.558461,-77.659897,2025-03-11 16:02:29.469000-04:00,2025-03-11 17:45:44.439000-04:00,1.720825,ChIJUQkJmZFusYkRy7q4vDoTpYI,Unknown
visit,37.531016,-77.567882,2025-03-11 18:03:26.813000-04:00,2025-03-11 18:27:38.028000-04:00,0.4031152777777778,ChIJxzPg_iltsYkRapDUkGLliQk,Home
visit,37.569217,-77.474244,2025-03-11 18:38:13.039000-04:00,2025-03-11 21:00:14.047000-04:00,2.3669466666666668,ChIJr3ETHg8VsYkRlam3WT0x0yA,Unknown
visit,37.531016,-77.567882,2025-03-11 21:12:15-04:00,2025-03-12 13:30:53.997000-04:00,16.3108325,ChIJxzPg_iltsYkRapDUkGLliQk,Home
visit,37.535876,-77.434424,2025-03-12 14:47:27.286000-04:00,2025-03-12 15:18:42.821000-04:00,0.5209819444444445,ChIJrevSSRgRsYkRiia66UlNsD4,Unknown
visit,37.536135,-77.525786,2025-03-12 15:30:02.172000-04:00,2025-03-12 15:41:36.999000-04:00,0.1930075,ChIJ655uABATsYkRQhfugks33oo,Unknown
visit,37.53554,-77.526136,2025-03-12 15:30:02.172000-04:00,2025-03-12 15:41:36.999000-04:00,0.1930075,ChIJ6V-Ijg8TsYkR3CDB6V9FlUg,Unknown
visit,37.531016,-77.567882,2025-03-12 15:51:15.766000-04:00,2025-03-12 16:38:22.400000-04:00,0.7851761111111111,ChIJxzPg_iltsYkRapDUkGLliQk,Home
visit,37.651173,-77.60442,2025-03-12 17:07:48.493000-04:00,2025-03-12 17:18:33.294000-04:00,0.1791113888888889,ChIJPRXg8IVqsYkRmtmWWLDqV54,Unknown
visit,37.656101,-77.618943,2025-03-12 17:22:10-04:00,2025-03-12 17:32:50.870000-04:00,0.1780194444444444,ChIJnby6vXBqsYkR778MwFiyzBs,Unknown
visit,37.655929,-77.618682,2025-03-12 17:23:54.999000-04:00,2025-03-12 17:32:50.870000-04:00,0.1488530555555555,ChIJnby6vXBqsYkRaOVAqKS-jpc,Unknown
visit,37.648044,-77.602273,2025-03-12 17:47:29.999000-04:00,2025-03-12 18:15:21.759000-04:00,0.4643777777777778,ChIJs1gVu1E8sYkRdbRKx3h9Vu4,Unknown
visit,37.554126,-77.669919,2025-03-12 18:32:00.999000-04:00,2025-03-12 18:38:35.999000-04:00,0.1097222222222222,ChIJaQNKkpFusYkRtZ4RimQuu8U,Unknown
visit,37.558461,-77.659897,2025-03-12 18:45:39.845000-04:00,2025-03-12 20:00:28.929000-04:00,1.2469677777777777,ChIJUQkJmZFusYkRy7q4vDoTpYI,Unknown
visit,37.531016,-77.567882,2025-03-12 20:15:38.999000-04:00,2025-03-13 07:38:57.675000-04:00,11.38852111111111,ChIJxzPg_iltsYkRapDUkGLliQk,Home
visit,37.558461,-77.659897,2025-03-13 07:54:03-04:00,2025-03-13 09:30:28.994000-04:00,1.6072205555555554,ChIJUQkJmZFusYkRy7q4vDoTpYI,Unknown
visit,37.512254,-77.613704,2025-03-13 09:46:29.347000-04:00,2025-03-13 10:30:19.606000-04:00,0.7306275,ChIJSfV_KZltsYkRWaLwZJQsFkg,Unknown
visit,37.558461,-77.659897,2025-03-13 10:40:25.414000-04:00,2025-03-13 10:54:26.249000-04:00,0.2335652777777777,ChIJUQkJmZFusYkRy7q4vDoTpYI,Unknown
visit,37.531016,-77.567882,2025-03-13 11:08:27.809000-04:00,2025-03-13 17:27:47.999000-04:00,6.322274999999999,ChIJxzPg_iltsYkRapDUkGLliQk,Home
visit,37.524156,-77.560761,2025-03-13 17:29:05.999000-04:00,2025-03-13 17:54:39.999000-04:00,0.4261111111111111,ChIJpQkoQdMSsYkRBsyNjvL7tyw,Unknown
visit,37.508618,-77.609051,2025-03-13 18:09:34.198000-04:00,2025-03-13 19:11:23.999000-04:00,1.030500277777778,ChIJYS5n751tsYkRFz8CZG5iSmw,Unknown
visit,37.508381,-77.609551,2025-03-13 18:09:34.198000-04:00,2025-03-13 18:26:49.041000-04:00,0.2874563888888889,ChIJgzvea51tsYkRQgj9UNhxyjQ,Unknown
visit,37.506709,-77.610458,2025-03-13 18:30:29.185000-04:00,2025-03-13 18:56:31.503000-04:00,0.4339772222222222,ChIJKUlJ4Z1tsYkRIhmV3FTnH8A,Unknown
visit,37.508995,-77.609458,2025-03-13 18:59:32.912000-04:00,2025-03-13 19:11:23.999000-04:00,0.1975241666666666,ChIJOcMVFZ1tsYkRQx5xVBr5fMc,Unknown
visit,37.582168,-77.497271,2025-03-14 13:17:56.999000-04:00,2025-03-14 17:06:21.638000-04:00,3.8068441666666666,ChIJ368Fwh8RsYkRGlI0e6Trr3E,Unknown
visit,37.580312,-77.499,2025-03-14 13:17:56.999000-04:00,2025-03-14 13:25:35.878000-04:00,0.1274663888888889,ChIJCZbf5msUsYkRPkIOZPGaQBs,Unknown
visit,37.580772,-77.496826,2025-03-14 14:34:13.999000-04:00,2025-03-14 17:06:21.638000-04:00,2.535455277777777,ChIJgd-p4GsUsYkREgMZPWkWCQc,Unknown
visit,37.531016,-77.567882,2025-03-14 17:24:55.186000-04:00,2025-03-14 17:54:30.999000-04:00,0.4932813888888889,ChIJxzPg_iltsYkRapDUkGLliQk,Home
visit,37.552447,-77.47818,2025-03-14 18:08:25-04:00,2025-03-14 19:30:26.999000-04:00,1.3672219444444444,ChIJVbST2uQTsYkRR2KRFiKb3ps,Unknown
visit,37.557414,-77.488433,2025-03-14 19:35:19.223000-04:00,2025-03-14 19:51:17.999000-04:00,0.2663266666666666,ChIJq-ERzPMTsYkR-gqv-LbOezg,Unknown
visit,37.534355,-77.560789,2025-03-14 20:01:59.999000-04:00,2025-03-14 20:12:15.109000-04:00,0.1708638888888889,ChIJ0xhrPysTsYkRc_06LBqA47Q,Unknown
visit,37.531016,-77.567882,2025-03-14 20:12:15.109000-04:00,2025-03-15 11:20:54.109000-04:00,15.144166666666669,ChIJxzPg_iltsYkRapDUkGLliQk,Home
visit,37.524958,-77.6433,2025-03-15 11:49:17.999000-04:00,2025-03-15 15:50:54.999000-04:00,4.026944444444444,ChIJz3oxP9ttsYkRXxgv3vCaj0A,Unknown
visit,37.531016,-77.567882,2025-03-15 16:01:48.999000-04:00,2025-03-15 16:27:39.997000-04:00,0.4308327777777778,ChIJxzPg_iltsYkRapDUkGLliQk,Home
visit,37.552447,-77.47818,2025-03-15 16:42:49.606000-04:00,2025-03-15 17:38:24.085000-04:00,0.9262441666666666,ChIJVbST2uQTsYkRR2KRFiKb3ps,Unknown
visit,38.033553,-78.507977,2025-03-16 15:53:11.860000-04:00,2025-03-16 16:03:24.741000-04:00,0.1702447222222222,ChIJ3cRJt0iGs4kRRliLzMIIUUA,Unknown
visit,38.032882,-78.513558,2025-03-16 15:53:11.860000-04:00,2025-03-16 16:03:24.741000-04:00,0.1702447222222222,ChIJpyGb7luGs4kRIMwkg1whbHk,Unknown
visit,38.030992,-78.503485,2025-03-16 16:06:26.748000-04:00,2025-03-16 20:23:30.417000-04:00,4.2843525,ChIJKcr5qEaGs4kR7lG-awEVGrs,Searched Address
visit,38.033553,-78.507977,2025-03-16 20:32:57.044000-04:00,2025-03-16 22:07:34.711000-04:00,1.5771297222222225,ChIJ3cRJt0iGs4kRRliLzMIIUUA,Unknown
visit,38.031103,-78.513688,2025-03-16 20:32:57.044000-04:00,2025-03-16 22:07:34.711000-04:00,1.5771297222222225,ChIJ83CLDFyGs4kRlpbwbea2AWc,Unknown
visit,38.030992,-78.503485,2025-03-16 22:20:22.336000-04:00,2025-03-17 15:23:19.840000-04:00,17.049306666666666,ChIJKcr5qEaGs4kR7lG-awEVGrs,Searched Address
visit,38.033553,-78.507977,2025-03-17 15:32:15.280000-04:00,2025-03-17 16:46:20.957000-04:00,1.2349102777777776,ChIJ3cRJt0iGs4kRRliLzMIIUUA,Unknown
visit,38.032088,-78.510695,2025-03-17 15:33:45.656000-04:00,2025-03-17 16:46:20.957000-04:00,1.2098058333333337,ChIJp622Q1uGs4kRB5yTaU44YRg,Unknown
visit,38.032573,-78.505025,2025-03-17 16:54:00.886000-04:00,2025-03-17 17:56:11.665000-04:00,1.0363275,ChIJrXrnN0SGs4kRTZ3jBHMEPM8,Searched Address
visit,38.030992,-78.503485,2025-03-17 17:58:23.596000-04:00,2025-03-17 20:41:43.198000-04:00,2.7221116666666667,ChIJKcr5qEaGs4kR7lG-awEVGrs,Searched Address
visit,38.052815,-78.501257,2025-03-17 20:48:22.205000-04:00,2025-03-17 21:24:39.851000-04:00,0.6049016666666667,ChIJI5T2nbeHs4kRuLewu_1gO8g,Unknown
visit,38.052233,-78.499008,2025-03-17 20:50:45.250000-04:00,2025-03-17 21:01:01.979000-04:00,0.1713136111111111,ChIJdWXc8LaHs4kRxspIR3IU5tM,Unknown
visit,38.053566,-78.500689,2025-03-17 21:02:58.602000-04:00,2025-03-17 21:24:39.851000-04:00,0.3614580555555555,ChIJS2bqabaHs4kRSFt5o5c1Wos,Unknown
visit,38.030992,-78.503485,2025-03-17 21:31:54.661000-04:00,2025-03-18 09:18:58.130000-04:00,11.784296944444444,ChIJKcr5qEaGs4kR7lG-awEVGrs,Searched Address
visit,38.031619,-78.510846,2025-03-18 09:26:05.283000-04:00,2025-03-18 10:50:46.028000-04:00,1.4113180555555556,ChIJB1s6kd6Hs4kRJhuNmO73ZLk,Unknown
visit,38.030992,-78.503485,2025-03-18 11:00:58.799000-04:00,2025-03-18 14:16:52.186000-04:00,3.2648297222222222,ChIJKcr5qEaGs4kR7lG-awEVGrs,Searched Address
visit,38.033553,-78.507977,2025-03-18 14:24:12.089000-04:00,2025-03-18 14:44:40.369000-04:00,0.3411888888888889,ChIJ3cRJt0iGs4kRRliLzMIIUUA,Unknown
visit,38.032088,-78.510695,2025-03-18 14:24:12.089000-04:00,2025-03-18 14:44:40.369000-04:00,0.3411888888888889,ChIJp622Q1uGs4kRB5yTaU44YRg,Unknown
visit,38.030992,-78.503485,2025-03-18 17:58:33.059000-04:00,2025-03-18 18:20:47.865000-04:00,0.3707794444444444,ChIJKcr5qEaGs4kR7lG-awEVGrs,Searched Address
visit,38.132817,-78.433573,2025-03-18 18:44:15.999000-04:00,2025-03-19 01:20:08.668000-04:00,6.597963611111112,ChIJeZvvMwN3tIkRAkbvGVCuMfw,Searched Address
visit,38.030992,-78.503485,2025-03-19 01:34:02.580000-04:00,2025-03-19 13:44:27.274000-04:00,12.173526111111112,ChIJKcr5qEaGs4kR7lG-awEVGrs,Searched Address
visit,38.033553,-78.507977,2025-03-19 13:51:46.270000-04:00,2025-03-19 14:30:47.666000-04:00,0.6503877777777778,ChIJ3cRJt0iGs4kRRliLzMIIUUA,Unknown
visit,38.032088,-78.510695,2025-03-19 13:56:13.291000-04:00,2025-03-19 14:30:47.666000-04:00,0.5762152777777778,ChIJp622Q1uGs4kRB5yTaU44YRg,Unknown
visit,38.036178,-78.499701,2025-03-19 14:46:04.173000-04:00,2025-03-19 15:14:33.808000-04:00,0.4748986111111111,ChIJFSxUbEiGs4kRb4rFCrtJWUY,Searched Address
visit,38.033553,-78.507977,2025-03-19 15:26:09.940000-04:00,2025-03-19 16:51:19.363000-04:00,1.419284166666667,ChIJ3cRJt0iGs4kRRliLzMIIUUA,Unknown
visit,38.030992,-78.503485,2025-03-19 18:19:02.049000-04:00,2025-03-20 15:10:27.667000-04:00,20.85711611111111,ChIJKcr5qEaGs4kR7lG-awEVGrs,Searched Address
visit,38.033553,-78.507977,2025-03-20 15:24:59.463000-04:00,2025-03-20 17:44:17.017000-04:00,2.3215427777777777,ChIJ3cRJt0iGs4kRRliLzMIIUUA,Unknown
visit,38.032882,-78.513558,2025-03-20 15:24:59.463000-04:00,2025-03-20 16:40:10.578000-04:00,1.2530875,ChIJpyGb7luGs4kRIMwkg1whbHk,Unknown
visit,38.030992,-78.503485,2025-03-20 17:59:16.674000-04:00,2025-03-21 09:09:34.999000-04:00,15.171756944444445,ChIJKcr5qEaGs4kR7lG-awEVGrs,Searched Address
visit,37.624157,-77.525914,2025-03-21 10:12:38.058000-04:00,2025-03-21 10:51:08.028000-04:00,0.6416583333333333,ChIJI5nsSg4VsYkRnzsZtuT6K40,Searched Address
visit,37.531016,-77.567882,2025-03-21 11:11:30.456000-04:00,2025-03-21 13:29:40.420000-04:00,2.302767777777778,ChIJxzPg_iltsYkRapDUkGLliQk,Home
visit,37.501657,-77.626884,2025-03-21 13:39:56.731000-04:00,2025-03-21 13:48:17.476000-04:00,0.1390958333333333,ChIJw6xTN4xtsYkRkvwpf-T9Hdo,Unknown
visit,37.502853,-77.626831,2025-03-21 13:48:17.476000-04:00,2025-03-21 14:17:33.814000-04:00,0.4878716666666666,ChIJ8UFf5f8UsYkRmp0WZvoXExQ,Unknown
visit,37.531016,-77.567882,2025-03-21 14:25:46.315000-04:00,2025-03-21 15:38:38.882000-04:00,1.2146019444444445,ChIJxzPg_iltsYkRapDUkGLliQk,Home
visit,37.558461,-77.659897,2025-03-21 15:56:13.161000-04:00,2025-03-21 18:07:28.588000-04:00,2.187618611111111,ChIJUQkJmZFusYkRy7q4vDoTpYI,Unknown
visit,37.531016,-77.567882,2025-03-21 18:23:09.828000-04:00,2025-03-21 19:09:28.159000-04:00,0.7717586111111111,ChIJxzPg_iltsYkRapDUkGLliQk,Home
visit,37.552447,-77.47818,2025-03-21 19:22:20.999000-04:00,2025-03-21 20:26:29.497000-04:00,1.069027222222222,ChIJVbST2uQTsYkRR2KRFiKb3ps,Unknown
visit,37.531016,-77.567882,2025-03-21 20:43:39.457000-04:00,2025-03-22 13:53:13-04:00,17.1593175,ChIJxzPg_iltsYkRapDUkGLliQk,Home
visit,37.531016,-77.567882,2025-03-22 14:31:11.999000-04:00,2025-03-22 17:46:51.999000-04:00,3.261111111111111,ChIJxzPg_iltsYkRapDUkGLliQk,Home
visit,37.536135,-77.525786,2025-03-22 19:54:28.260000-04:00,2025-03-22 20:11:35.120000-04:00,0.2852388888888889,ChIJ655uABATsYkRQhfugks33oo,Unknown
visit,37.531016,-77.567882,2025-03-22 20:17:59.778000-04:00,2025-03-23 14:36:01.945000-04:00,18.300601944444445,ChIJxzPg_iltsYkRapDUkGLliQk,Home
visit,37.534355,-77.560789,2025-03-23 15:24:07-04:00,2025-03-23 15:34:15.001000-04:00,0.1688891666666666,ChIJ0xhrPysTsYkRc_06LBqA47Q,Unknown
visit,37.979461,-78.210023,2025-03-23 16:37:12.998000-04:00,2025-03-23 16:53:01.999000-04:00,0.2636113888888889,ChIJw1JPxCWGs4kRRyLwOsj1tag,Unknown
visit,38.030992,-78.503485,2025-03-23 17:13:37.999000-04:00,2025-03-23 17:57:00.853000-04:00,0.723015,ChIJKcr5qEaGs4kR7lG-awEVGrs,Searched Address
visit,38.033553,-78.507977,2025-03-23 18:04:04.946000-04:00,2025-03-23 19:11:23.976000-04:00,1.1219527777777778,ChIJ3cRJt0iGs4kRRliLzMIIUUA,Unknown
visit,38.035551,-78.503426,2025-03-23 18:14:28.926000-04:00,2025-03-23 19:11:23.976000-04:00,0.948625,ChIJ96Lhw0WGs4kRgBa4vIROQnw,Unknown
visit,38.030992,-78.503485,2025-03-23 19:19:31.999000-04:00,2025-03-24 15:23:04.980000-04:00,20.05916138888889,ChIJKcr5qEaGs4kR7lG-awEVGrs,Searched Address
visit,38.033553,-78.507977,2025-03-24 15:32:57.949000-04:00,2025-03-24 16:24:56.665000-04:00,0.86631,ChIJ3cRJt0iGs4kRRliLzMIIUUA,Unknown
visit,38.032573,-78.505025,2025-03-24 16:34:12.656000-04:00,2025-03-24 18:12:43.045000-04:00,1.6417747222222223,ChIJrXrnN0SGs4kRTZ3jBHMEPM8,Searched Address
visit,38.030992,-78.503485,2025-03-24 18:12:43.045000-04:00,2025-03-24 18:51:27.920000-04:00,0.6457986111111111,ChIJKcr5qEaGs4kR7lG-awEVGrs,Searched Address
visit,38.030992,-78.503485,2025-03-24 20:04:18-04:00,2025-03-24 20:13:16-04:00,0.1494444444444444,ChIJKcr5qEaGs4kR7lG-awEVGrs,Searched Address
visit,38.052815,-78.501257,2025-03-24 20:19:07.337000-04:00,2025-03-24 20:45:32.999000-04:00,0.4404616666666667,ChIJI5T2nbeHs4kRuLewu_1gO8g,Unknown
visit,38.053566,-78.500689,2025-03-24 20:19:07.337000-04:00,2025-03-24 20:28:38.587000-04:00,0.1586805555555555,ChIJS2bqabaHs4kRSFt5o5c1Wos,Unknown
visit,38.032573,-78.505025,2025-03-24 20:51:34.999000-04:00,2025-03-25 09:25:20.773000-04:00,12.562715,ChIJrXrnN0SGs4kRTZ3jBHMEPM8,Searched Address
visit,38.033553,-78.507977,2025-03-25 09:29:02.672000-04:00,2025-03-25 10:50:48.293000-04:00,1.3626725,ChIJ3cRJt0iGs4kRRliLzMIIUUA,Unknown
visit,38.030992,-78.503485,2025-03-25 10:57:59.647000-04:00,2025-03-25 15:16:09.547000-04:00,4.30275,ChIJKcr5qEaGs4kR7lG-awEVGrs,Searched Address
visit,38.033553,-78.507977,2025-03-25 15:24:39.999000-04:00,2025-03-25 16:55:07.013000-04:00,1.507503888888889,ChIJ3cRJt0iGs4kRRliLzMIIUUA,Unknown
visit,38.032882,-78.513558,2025-03-25 15:24:39.999000-04:00,2025-03-25 16:54:21.982000-04:00,1.4949952777777775,ChIJpyGb7luGs4kRIMwkg1whbHk,Unknown
visit,38.030992,-78.503485,2025-03-25 17:08:21.301000-04:00,2025-03-25 18:18:20.999000-04:00,1.166582777777778,ChIJKcr5qEaGs4kR7lG-awEVGrs,Searched Address
visit,38.132817,-78.433573,2025-03-25 18:41:10.999000-04:00,2025-03-26 01:18:54.999000-04:00,6.628888888888889,ChIJeZvvMwN3tIkRAkbvGVCuMfw,Searched Address
visit,38.030992,-78.503485,2025-03-26 01:37:05-04:00,2025-03-26 13:50:26.999000-04:00,12.2227775,ChIJKcr5qEaGs4kR7lG-awEVGrs,Searched Address
visit,38.033553,-78.507977,2025-03-26 13:58:41.537000-04:00,2025-03-26 15:53:07.016000-04:00,1.9070775,ChIJ3cRJt0iGs4kRRliLzMIIUUA,Unknown
visit,38.032088,-78.510695,2025-03-26 13:59:57.096000-04:00,2025-03-26 15:53:07.016000-04:00,1.886088888888889,ChIJp622Q1uGs4kRB5yTaU44YRg,Unknown
